#,Player Name,Team,GP,TOI,G,A,FirstA,Points,Shots,iFenwick,iCorsi,ShPct,G/60,A/60,FirstA/60,Points/60,Shots/60,iFenwick/60,iCorsi/60,IGP,IAP,IPP
1,"MACHACEK, SPENCER",Winnipeg,13,97:35,2,7,4,9,12,16,24,16.67,1.23,4.30,2.46,5.53,7.38,9.84,14.76,20.0,70.0,90.0
2,"CROSBY, SIDNEY",Pittsburgh,22,406:23,8,29,16,37,75,97,126,10.67,1.18,4.28,2.36,5.46,11.07,14.32,18.60,17.4,63.0,80.4
3,"MALKIN, EVGENI",Pittsburgh,75,1575:04,50,59,46,109,339,456,611,14.75,1.90,2.25,1.75,4.15,12.91,17.37,23.28,37.9,44.7,82.6
4,"MAXWELL, BEN",Winnipeg,15,101:00,1,5,4,6,10,11,15,10.00,0.59,2.97,2.38,3.56,5.94,6.53,8.91,16.7,83.3,100.0
5,"FOLIGNO, MARCUS",Buffalo,14,221:25,6,7,1,13,23,36,43,26.09,1.63,1.90,0.27,3.52,6.23,9.76,11.65,28.6,33.3,61.9
6,"GIROUX, CLAUDE",Philadelphia,77,1657:48,28,65,37,93,242,338,456,11.57,1.01,2.35,1.34,3.37,8.76,12.23,16.50,25.2,58.6,83.8
7,"EBERLE, JORDAN",Edmonton,78,1372:35,34,42,27,76,180,240,314,18.89,1.49,1.84,1.18,3.32,7.87,10.49,13.73,34.3,42.4,76.8
8,"BACKSTROM, NICKLAS",Washington,42,804:54,14,30,17,44,95,131,161,14.74,1.04,2.24,1.27,3.28,7.08,9.77,12.00,25.9,55.6,81.5
9,"LUPUL, JOFFREY",Toronto,66,1228:19,25,42,27,67,191,259,342,13.09,1.22,2.05,1.32,3.27,9.33,12.65,16.71,27.8,46.7,74.4
10,"BAERTSCHI, SVEN",Calgary,5,55:41,3,0,0,3,10,11,14,30.00,3.23,0.00,0.00,3.23,10.78,11.85,15.09,100.0,0.0,100.0
11,"STAMKOS, STEVEN",Tampa Bay,82,1803:06,60,37,25,97,303,412,540,19.80,2.00,1.23,0.83,3.23,10.08,13.71,17.97,47.2,29.1,76.4
12,"NEAL, JAMES",Pittsburgh,80,1528:11,40,41,21,81,329,452,599,12.16,1.57,1.61,0.82,3.18,12.92,17.75,23.52,33.6,34.5,68.1
13,"SPEZZA, JASON",Ottawa,80,1593:43,34,50,28,84,232,343,453,14.66,1.28,1.88,1.05,3.16,8.73,12.91,17.05,28.8,42.4,71.2
14,"SEDIN, HENRIK",Vancouver,82,1565:13,14,67,44,81,113,156,209,12.39,0.54,2.57,1.69,3.10,4.33,5.98,8.01,13.0,62.0,75.0
15,"PURCELL, TEDDY",Tampa Bay,81,1306:42,24,42,28,66,152,208,272,15.79,1.10,1.93,1.29,3.03,6.98,9.55,12.49,25.8,45.2,71.0
16,"WHITNEY, RAY",Arizona,82,1528:53,24,53,36,77,185,255,343,12.97,0.94,2.08,1.41,3.02,7.26,10.01,13.46,25.0,55.2,80.2
17,"SEDIN, DANIEL",Vancouver,72,1354:41,30,37,22,67,229,326,413,13.10,1.33,1.64,0.97,2.97,10.14,14.44,18.29,32.6,40.2,72.8
18,"KESSEL, PHIL",Toronto,82,1644:31,36,45,26,81,294,390,537,12.24,1.31,1.64,0.95,2.96,10.73,14.23,19.59,34.0,42.5,76.4
19,"BENN, JAMIE",Dallas,71,1283:19,26,37,16,63,203,284,366,12.81,1.22,1.73,0.75,2.95,9.49,13.28,17.11,34.2,48.7,82.9
20,"DATSYUK, PAVEL",Detroit,70,1369:48,19,48,28,67,164,231,300,11.59,0.83,2.10,1.23,2.93,7.18,10.12,13.14,22.9,57.8,80.7
21,"SEGUIN, TYLER",Boston,81,1372:04,29,38,21,67,242,331,429,11.98,1.27,1.66,0.92,2.93,10.58,14.47,18.76,30.2,39.6,69.8
22,"ELIAS, PATRIK",New Jersey,81,1606:46,26,52,32,78,163,216,279,15.95,0.97,1.94,1.19,2.91,6.09,8.07,10.42,27.7,55.3,83.0
23,"TAVARES, JOHN",NY Islanders,82,1686:37,31,50,36,81,286,366,464,10.84,1.10,1.78,1.28,2.88,10.17,13.02,16.51,28.7,46.3,75.0
24,"HALL, TAYLOR",Edmonton,61,1111:20,27,26,15,53,206,275,358,13.11,1.46,1.40,0.81,2.86,11.12,14.85,19.33,37.0,35.6,72.6
25,"NUGENT-HOPKINS, RYAN",Edmonton,62,1091:33,18,34,19,52,134,186,249,13.43,0.99,1.87,1.04,2.86,7.37,10.22,13.69,24.7,46.6,71.2
26,"HOSSA, MARIAN",Chicago,81,1617:08,29,48,32,77,248,326,437,11.69,1.08,1.78,1.19,2.86,9.20,12.10,16.21,31.2,51.6,82.8
27,"MCDONALD, ANDY",St. Louis,25,463:08,10,12,5,22,64,85,108,15.62,1.30,1.55,0.65,2.85,8.29,11.01,13.99,35.7,42.9,78.6
28,"GABORIK, MARIAN",NY Rangers,82,1600:04,41,35,23,76,275,363,447,14.91,1.54,1.31,0.86,2.85,10.31,13.61,16.76,41.8,35.7,77.6
29,"SHARP, PATRICK",Chicago,74,1472:33,33,36,19,69,281,367,482,11.74,1.34,1.47,0.77,2.81,11.45,14.95,19.64,34.0,37.1,71.1
30,"VANEK, THOMAS",Buffalo,78,1319:57,26,35,22,61,204,259,328,12.75,1.18,1.59,1.00,2.77,9.27,11.77,14.91,29.9,40.2,70.1
31,"HARTNELL, SCOTT",Philadelphia,82,1457:10,37,30,17,67,232,315,374,15.95,1.52,1.24,0.70,2.76,9.55,12.97,15.40,35.2,28.6,63.8
32,"THORNTON, JOE",San Jose,82,1678:26,18,59,29,77,156,209,259,11.54,0.64,2.11,1.04,2.75,5.58,7.47,9.26,18.0,59.0,77.0
33,"JAGR, JAROMIR",Philadelphia,73,1192:14,19,35,21,54,170,250,324,11.18,0.96,1.76,1.06,2.72,8.56,12.58,16.31,22.9,42.2,65.1
34,"POMINVILLE, JASON",Buffalo,82,1612:07,30,43,26,73,235,317,407,12.77,1.12,1.60,0.97,2.72,8.75,11.80,15.15,33.0,47.3,80.2
35,"PACIORETTY, MAX",Montreal,79,1442:36,33,32,18,65,286,385,468,11.54,1.37,1.33,0.75,2.70,11.90,16.01,19.46,36.7,35.6,72.2
36,"SELANNE, TEEMU",Anaheim,82,1466:20,26,40,24,66,210,305,369,12.38,1.06,1.64,0.98,2.70,8.59,12.48,15.10,28.6,44.0,72.5
37,"PARENTEAU, PIERRE",NY Islanders,80,1492:12,18,49,29,67,167,217,272,10.78,0.72,1.97,1.17,2.69,6.71,8.73,10.94,19.1,52.1,71.3
38,"TOEWS, JONATHAN",Chicago,59,1229:46,27,28,17,55,183,218,255,14.75,1.32,1.37,0.83,2.68,8.93,10.64,12.44,34.6,35.9,70.5
39,"FILPPULA, VALTTERI",Detroit,81,1478:56,23,43,29,66,144,207,262,15.97,0.93,1.74,1.18,2.68,5.84,8.40,10.63,25.8,48.3,74.2
40,"LUCIC, MILAN",Boston,81,1379:21,26,35,22,61,149,205,275,17.45,1.13,1.52,0.96,2.65,6.48,8.92,11.96,29.2,39.3,68.5
#,Player Name,Team,GP,TOI,G,A,FirstA,Points,Shots,iFenwick,iCorsi,Sh%,G/60,A/60,FirstA/60,Points/60,Shots/60,iFenwick/60,iCorsi/60,IGP,IAP,IPP
41,"KANE, EVANDER",Winnipeg,74,1296:16,30,27,16,57,287,384,460,10.45,1.39,1.25,0.74,2.64,13.28,17.77,21.29,34.1,30.7,64.8
42,"ENNIS, TYLER",Buffalo,48,775:36,15,19,11,34,82,111,155,18.29,1.16,1.47,0.85,2.63,6.34,8.59,11.99,34.1,43.2,77.3
43,"ERIKSSON, LOUI",Dallas,82,1620:28,26,45,27,71,187,242,301,13.90,0.96,1.67,1.00,2.63,6.92,8.96,11.14,27.1,46.9,74.0
44,"COUTURE, LOGAN",San Jose,80,1485:02,31,34,24,65,245,328,426,12.65,1.25,1.37,0.97,2.63,9.90,13.25,17.21,38.8,42.5,81.2
45,"HORTON, NATHAN",Boston,46,732:55,17,15,10,32,90,114,155,18.89,1.39,1.23,0.82,2.62,7.37,9.33,12.69,31.5,27.8,59.3
46,"PEVERLEY, RICH",Boston,57,962:56,11,31,17,42,112,167,226,9.82,0.69,1.93,1.06,2.62,6.98,10.41,14.08,18.6,52.5,71.2
47,"MOULSON, MATT",NY Islanders,82,1582:49,36,33,19,69,219,280,358,16.44,1.36,1.25,0.72,2.62,8.30,10.61,13.57,34.3,31.4,65.7
48,"KOVALCHUK, ILYA",New Jersey,77,1881:41,36,46,26,82,309,424,571,11.65,1.15,1.47,0.83,2.61,9.85,13.52,18.21,34.0,43.4,77.4
49,"RYDER, MICHAEL",Dallas,82,1425:19,35,27,17,62,211,285,384,16.59,1.47,1.14,0.72,2.61,8.88,12.00,16.16,42.2,32.5,74.7
50,"ERAT, MARTIN",Nashville,71,1312:11,18,39,17,57,106,144,194,16.98,0.82,1.78,0.78,2.61,4.85,6.58,8.87,22.2,48.1,70.4
51,"KOPITAR, ANZE",Los Angeles,82,1749:47,25,51,24,76,229,332,417,10.92,0.86,1.75,0.82,2.61,7.85,11.38,14.30,24.8,50.5,75.2
52,"VRBATA, RADIM",Arizona,77,1435:23,35,27,16,62,232,314,399,15.09,1.46,1.13,0.67,2.59,9.70,13.13,16.68,42.7,32.9,75.6
53,"KREJCI, DAVID",Boston,79,1455:26,23,39,23,62,145,202,259,15.86,0.95,1.61,0.95,2.56,5.98,8.33,10.68,26.1,44.3,70.5
54,"ST._LOUIS, MARTIN",Tampa Bay,77,1740:15,25,49,31,74,185,263,344,13.51,0.86,1.69,1.07,2.55,6.38,9.07,11.86,21.0,41.2,62.2
55,"BERGERON, PATRICE",Boston,81,1505:07,22,42,31,64,191,276,355,11.52,0.88,1.67,1.24,2.55,7.61,11.00,14.15,24.2,46.2,70.3
56,"DUPUIS, PASCAL",Pittsburgh,82,1388:05,25,34,20,59,214,291,380,11.68,1.08,1.47,0.86,2.55,9.25,12.58,16.43,34.2,46.6,80.8
57,"RIBEIRO, MIKE",Dallas,74,1483:31,18,45,25,63,141,194,246,12.77,0.73,1.82,1.01,2.55,5.70,7.85,9.95,23.7,59.2,82.9
58,"ZETTERBERG, HENRIK",Detroit,82,1626:49,22,47,31,69,267,356,478,8.24,0.81,1.73,1.14,2.54,9.85,13.13,17.63,21.8,46.5,68.3
59,"STAPLETON, TIM",Winnipeg,63,639:13,11,16,9,27,74,97,116,14.86,1.03,1.50,0.84,2.53,6.95,9.10,10.89,27.5,40.0,67.5
60,"OVECHKIN, ALEX",Washington,78,1543:25,38,27,14,65,303,438,610,12.54,1.48,1.05,0.54,2.53,11.78,17.03,23.71,40.4,28.7,69.1
61,"WILLIAMS, JUSTIN",Los Angeles,82,1406:25,22,37,21,59,241,338,422,9.13,0.94,1.58,0.90,2.52,10.28,14.42,18.00,27.5,46.2,73.8
62,"WHEELER, BLAKE",Winnipeg,80,1526:02,17,47,31,64,208,310,371,8.17,0.67,1.85,1.22,2.52,8.18,12.19,14.59,17.9,49.5,67.4
63,"ALFREDSSON, DANIEL",Ottawa,75,1420:49,27,32,21,59,191,263,337,14.14,1.14,1.35,0.89,2.49,8.07,11.11,14.23,30.7,36.4,67.0
64,"FRANZEN, JOHAN",Detroit,77,1363:29,29,27,17,56,211,311,379,13.74,1.28,1.19,0.75,2.46,9.29,13.69,16.68,35.4,32.9,68.3
65,"PRONGER, CHRIS",Philadelphia,13,292:11,1,11,3,12,23,27,46,4.35,0.21,2.26,0.62,2.46,4.72,5.54,9.45,5.6,61.1,66.7
66,"MARCHAND, BRAD",Boston,76,1339:19,28,27,13,55,167,217,274,16.77,1.25,1.21,0.58,2.46,7.48,9.72,12.27,35.0,33.8,68.8
67,"SEMIN, ALEXANDER",Washington,77,1292:26,20,33,22,53,182,280,393,10.99,0.93,1.53,1.02,2.46,8.45,13.00,18.24,26.0,42.9,68.8
68,"SHAW, ANDREW",Chicago,37,562:39,12,11,8,23,74,99,130,16.22,1.28,1.17,0.85,2.45,7.89,10.56,13.86,38.7,35.5,74.2
69,"WELLWOOD, KYLE",Winnipeg,77,1151:20,18,29,14,47,93,129,158,19.35,0.94,1.51,0.73,2.45,4.85,6.72,8.23,30.0,48.3,78.3
70,"KUNITZ, CHRIS",Pittsburgh,82,1501:44,26,35,18,61,229,327,397,11.35,1.04,1.40,0.72,2.44,9.15,13.06,15.86,22.0,29.7,51.7
71,"LECAVALIER, VINCENT",Tampa Bay,64,1211:36,22,27,14,49,182,244,308,12.09,1.09,1.34,0.69,2.43,9.01,12.08,15.25,29.7,36.5,66.2
72,"BRIERE, DANIEL",Philadelphia,70,1214:48,16,33,22,49,173,225,309,9.25,0.79,1.63,1.09,2.42,8.54,11.11,15.26,21.3,44.0,65.3
73,"PERRON, DAVID",St. Louis,57,1042:20,21,21,12,42,114,170,206,18.42,1.21,1.21,0.69,2.42,6.56,9.79,11.86,29.2,29.2,58.3
74,"DESHARNAIS, DAVID",Montreal,81,1490:01,16,44,26,60,98,127,162,16.33,0.64,1.77,1.05,2.42,3.95,5.11,6.52,17.0,46.8,63.8
75,"STAAL, JORDAN",Pittsburgh,62,1241:52,25,25,18,50,149,211,265,16.78,1.21,1.21,0.87,2.42,7.20,10.19,12.80,39.1,39.1,78.1
76,"RADULOV, ALEXANDER",Nashville,9,174:08,3,4,3,7,21,28,35,14.29,1.03,1.38,1.03,2.41,7.24,9.65,12.06,27.3,36.4,63.6
77,"COLE, ERIK",Montreal,82,1519:35,35,26,15,61,241,309,408,14.52,1.38,1.03,0.59,2.41,9.52,12.20,16.11,36.1,26.8,62.9
78,"KANE, PATRICK",Chicago,82,1656:12,23,43,29,66,253,342,447,9.09,0.83,1.56,1.05,2.39,9.17,12.39,16.19,23.7,44.3,68.0
79,"MICHALEK, MILAN",Ottawa,77,1505:37,35,25,19,60,212,311,383,16.51,1.39,1.00,0.76,2.39,8.45,12.39,15.26,35.0,25.0,60.0
80,"GLENCROSS, CURTIS",Calgary,67,1207:35,26,22,11,48,110,138,177,23.64,1.29,1.09,0.55,2.38,5.47,6.86,8.79,40.6,34.4,75.0
#,Player Name,Team,GP,TOI,G,A,FirstA,Points,Shots,iFenwick,iCorsi,Sh%,G/60,A/60,FirstA/60,Points/60,Shots/60,iFenwick/60,iCorsi/60,IGP,IAP,IPP
81,"RICHARDS, BRAD",NY Rangers,82,1661:55,25,41,21,66,229,324,428,10.92,0.90,1.48,0.76,2.38,8.27,11.70,15.45,27.5,45.1,72.5
82,"IGINLA, JAROME",Calgary,82,1689:50,32,35,25,67,251,347,451,12.75,1.14,1.24,0.89,2.38,8.91,12.32,16.01,34.0,37.2,71.3
83,"STAAL, ERIC",Carolina,82,1766:51,24,46,31,70,261,361,475,9.20,0.81,1.56,1.05,2.38,8.86,12.26,16.13,25.0,47.9,72.9
84,"SULLIVAN, STEVE",Pittsburgh,79,1213:22,17,31,14,48,140,185,230,12.14,0.84,1.53,0.69,2.37,6.92,9.15,11.37,19.3,35.2,54.5
85,"HAGELIN, CARL",NY Rangers,64,962:56,14,24,13,38,131,171,216,10.69,0.87,1.50,0.81,2.37,8.16,10.65,13.46,26.4,45.3,71.7
86,"HUDLER, JIRI",Detroit,81,1269:00,25,25,13,50,127,179,221,19.68,1.18,1.18,0.61,2.36,6.00,8.46,10.45,30.1,30.1,60.2
87,"TANGUAY, ALEX",Calgary,64,1218:52,12,36,25,48,83,121,159,14.46,0.59,1.77,1.23,2.36,4.09,5.96,7.83,17.6,52.9,70.6
88,"HAVLAT, MARTIN",San Jose,39,687:17,7,20,16,27,96,129,171,7.29,0.61,1.75,1.40,2.36,8.38,11.26,14.93,18.9,54.1,73.0
89,"WELLMAN, CASEY",Minnesota,14,178:18,2,5,2,7,25,37,47,8.00,0.67,1.68,0.67,2.36,8.41,12.45,15.82,33.3,83.3,116.7
90,"JOKINEN, OLLI",Calgary,82,1554:44,23,38,25,61,223,277,346,10.31,0.89,1.47,0.96,2.35,8.61,10.69,13.35,25.0,41.3,66.3
91,"MALONE, RYAN",Tampa Bay,68,1200:36,20,27,15,47,144,193,212,13.89,1.00,1.35,0.75,2.35,7.20,9.65,10.59,27.4,37.0,64.4
92,"GRABOVSKI, MIKHAIL",Toronto,74,1302:58,23,28,22,51,163,232,326,14.11,1.06,1.29,1.01,2.35,7.51,10.68,15.01,33.3,40.6,73.9
93,"FOLIGNO, NICK",Ottawa,82,1200:53,15,32,18,47,153,194,245,9.80,0.75,1.60,0.90,2.35,7.64,9.69,12.24,24.2,51.6,75.8
94,"PERREAULT, MATHIEU",Washington,64,769:42,16,14,9,30,61,93,129,26.23,1.25,1.09,0.70,2.34,4.76,7.25,10.06,36.4,31.8,68.2
95,"FLEISCHMANN, TOMAS",Florida,82,1566:06,27,34,21,61,217,302,416,12.44,1.03,1.30,0.80,2.34,8.31,11.57,15.94,30.0,37.8,67.8
96,"SZCZECHURA, PAUL",Buffalo,9,102:56,1,3,3,4,11,14,18,9.09,0.58,1.75,1.75,2.33,6.41,8.16,10.49,16.7,50.0,66.7
97,"STALBERG, VIKTOR",Chicago,79,1111:33,22,21,12,43,214,301,369,10.28,1.19,1.13,0.65,2.32,11.55,16.25,19.92,40.7,38.9,79.6
98,"PARISE, ZACH",New Jersey,82,1761:23,30,38,27,68,291,359,414,10.31,1.02,1.29,0.92,2.32,9.91,12.23,14.10,30.6,38.8,69.4
99,"VORACEK, JAKUB",Philadelphia,78,1270:43,18,31,20,49,190,252,348,9.47,0.85,1.46,0.94,2.31,8.97,11.90,16.43,21.4,36.9,58.3
100,"KENNEDY, TYLER",Pittsburgh,60,861:53,11,22,17,33,195,259,324,5.64,0.77,1.53,1.18,2.30,13.57,18.03,22.56,25.6,51.2,76.7
101,"VERSTEEG, KRIS",Florida,71,1413:36,23,31,20,54,181,243,296,12.71,0.98,1.32,0.85,2.29,7.68,10.31,12.56,27.7,37.3,65.1
102,"MARLEAU, PATRICK",San Jose,82,1679:23,30,34,16,64,251,344,418,11.95,1.07,1.21,0.57,2.29,8.97,12.29,14.93,29.1,33.0,62.1
103,"BITZ, BYRON",Vancouver,10,104:59,1,3,2,4,6,8,10,16.67,0.57,1.71,1.14,2.29,3.43,4.57,5.72,25.0,75.0,100.0
104,"KARLSSON, ERIK",Ottawa,81,2050:25,19,59,35,78,261,372,594,7.28,0.56,1.73,1.02,2.28,7.64,10.89,17.38,14.1,43.7,57.8
105,"HENRIQUE, ADAM",New Jersey,74,1343:51,16,35,18,51,130,164,189,12.31,0.71,1.56,0.80,2.28,5.80,7.32,8.44,24.6,53.8,78.5
106,"RYAN, BOBBY",Anaheim,82,1504:48,31,26,20,57,204,299,374,15.20,1.24,1.04,0.80,2.27,8.13,11.92,14.91,42.5,35.6,78.1
107,"SIMMONDS, WAYNE",Philadelphia,82,1304:15,28,21,14,49,197,257,318,14.21,1.29,0.97,0.64,2.25,9.06,11.82,14.63,35.4,26.6,62.0
108,"PROSPAL, VACLAV",Columbus,82,1466:43,16,39,25,55,165,207,259,9.70,0.65,1.60,1.02,2.25,6.75,8.47,10.60,18.8,45.9,64.7
109,"KOIVU, MIKKO",Minnesota,55,1174:09,12,32,23,44,129,168,218,9.30,0.61,1.64,1.18,2.25,6.59,8.58,11.14,19.7,52.5,72.1
110,"MACARTHUR, CLARKE",Toronto,73,1156:37,20,23,12,43,148,195,280,13.51,1.04,1.19,0.62,2.23,7.68,10.12,14.53,33.3,38.3,71.7
111,"HIGGINS, CHRIS",Vancouver,71,1158:24,18,25,12,43,165,219,251,10.91,0.93,1.29,0.62,2.23,8.55,11.34,13.00,27.3,37.9,65.2
112,"NASH, RICK",Columbus,82,1564:54,29,29,22,58,305,392,505,9.51,1.11,1.11,0.84,2.22,11.69,15.03,19.36,35.4,35.4,70.7
113,"LATENDRESSE, GUILLAUME",Minnesota,16,243:03,5,4,3,9,36,52,61,13.89,1.23,0.99,0.74,2.22,8.89,12.84,15.06,35.7,28.6,64.3
114,"AUCOIN, KEITH",Washington,27,297:43,3,8,4,11,21,31,43,14.29,0.60,1.61,0.81,2.22,4.23,6.25,8.67,17.6,47.1,64.7
115,"SKINNER, JEFF",Carolina,64,1191:56,20,24,17,44,209,286,371,9.57,1.01,1.21,0.86,2.21,10.52,14.40,18.68,31.7,38.1,69.8
116,"HORNQVIST, PATRIC",Nashville,76,1165:10,27,16,8,43,230,291,338,11.74,1.39,0.82,0.41,2.21,11.84,14.98,17.41,38.6,22.9,61.4
117,"VAN_RIEMSDYK, JAMES",Philadelphia,43,652:41,11,13,10,24,121,157,203,9.09,1.01,1.20,0.92,2.21,11.12,14.43,18.66,31.4,37.1,68.6
118,"FISHER, MIKE",Nashville,72,1389:22,24,27,14,51,157,209,260,15.29,1.04,1.17,0.60,2.20,6.78,9.03,11.23,28.2,31.8,60.0
119,"NYQUIST, GUSTAV",Detroit,18,190:43,1,6,4,7,19,28,34,5.26,0.31,1.89,1.26,2.20,5.98,8.81,10.70,14.3,85.7,100.0
120,"LEGWAND, DAVID",Nashville,78,1444:38,19,34,24,53,140,179,220,13.57,0.79,1.41,1.00,2.20,5.81,7.43,9.14,24.7,44.2,68.8
#,Player Name,Team,GP,TOI,G,A,FirstA,Points,Shots,iFenwick,iCorsi,Sh%,G/60,A/60,FirstA/60,Points/60,Shots/60,iFenwick/60,iCorsi/60,IGP,IAP,IPP
121,"BRULE, GILBERT",Arizona,33,381:37,5,9,5,14,56,76,88,8.93,0.79,1.42,0.79,2.20,8.80,11.95,13.84,22.7,40.9,63.6
122,"SCHWARTZ, JADEN",St. Louis,7,81:49,2,1,0,3,6,7,9,33.33,1.47,0.73,0.00,2.20,4.40,5.13,6.60,50.0,25.0,75.0
123,"COLBORNE, JOE",Toronto,10,136:53,1,4,1,5,7,8,8,14.29,0.44,1.75,0.44,2.19,3.07,3.51,3.51,11.1,44.4,55.6
124,"GAGNER, SAM",Edmonton,75,1288:42,18,29,19,47,149,230,292,12.08,0.84,1.35,0.88,2.19,6.94,10.71,13.60,24.7,39.7,64.4
125,"BOUCHARD, PIERRE-MARC",Minnesota,37,603:59,9,13,7,22,84,106,141,10.71,0.89,1.29,0.70,2.19,8.34,10.53,14.01,26.5,38.2,64.7
126,"PAVELSKI, JOE",San Jose,82,1690:16,31,30,20,61,269,394,503,11.52,1.10,1.06,0.71,2.17,9.55,13.99,17.86,31.3,30.3,61.6
127,"SAMUELSSON, MIKAEL",Florida,54,861:10,14,17,10,31,138,174,240,10.14,0.98,1.18,0.70,2.16,9.61,12.12,16.72,30.4,37.0,67.4
128,"HODGSON, CODY",Buffalo,83,1147:16,19,22,15,41,154,203,259,12.34,0.99,1.15,0.78,2.14,8.05,10.62,13.55,30.2,34.9,65.1
129,"STASTNY, PAUL",Colorado,79,1487:45,21,32,19,53,190,247,304,11.05,0.85,1.29,0.77,2.14,7.66,9.96,12.26,25.3,38.6,63.9
130,"CONNER, CHRIS",Detroit,8,84:30,1,2,2,3,10,14,17,10.00,0.71,1.42,1.42,2.13,7.10,9.94,12.07,33.3,66.7,100.0
131,"KING, DWIGHT",Los Angeles,27,395:16,5,9,5,14,42,59,68,11.90,0.76,1.37,0.76,2.13,6.38,8.96,10.32,23.8,42.9,66.7
132,"POULIOT, BENOIT",Boston,74,903:32,16,16,9,32,107,148,174,14.95,1.06,1.06,0.60,2.12,7.11,9.83,11.55,31.4,31.4,62.7
133,"STAFFORD, DREW",Buffalo,80,1411:50,20,30,25,50,226,296,377,8.85,0.85,1.27,1.06,2.12,9.60,12.58,16.02,29.0,43.5,72.5
134,"MCGINN, JAMIE",Colorado,78,1048:51,20,17,11,37,159,217,257,12.58,1.14,0.97,0.63,2.12,9.10,12.41,14.70,39.2,33.3,72.5
135,"SMITH, CRAIG",Nashville,72,1021:30,14,22,13,36,172,246,308,8.14,0.82,1.29,0.76,2.11,10.10,14.45,18.09,29.2,45.8,75.0
136,"BURROWS, ALEX",Vancouver,80,1477:57,28,24,18,52,198,273,341,14.14,1.14,0.97,0.73,2.11,8.04,11.08,13.84,35.0,30.0,65.0
137,"CLARKSON, DAVID",New Jersey,80,1308:32,30,16,8,46,228,300,354,13.16,1.38,0.73,0.37,2.11,10.45,13.76,16.23,41.7,22.2,63.9
138,"PERRY, COREY",Anaheim,80,1710:21,37,23,19,60,278,382,467,13.31,1.30,0.81,0.67,2.10,9.75,13.40,16.38,43.5,27.1,70.6
139,"KOSTITSYN, SERGEI",Nashville,75,1235:04,17,26,19,43,96,136,192,17.71,0.83,1.26,0.92,2.09,4.66,6.61,9.33,27.9,42.6,70.5
140,"EBBETT, ANDREW",Vancouver,18,172:30,5,1,0,6,27,36,39,18.52,1.74,0.35,0.00,2.09,9.39,12.52,13.57,50.0,10.0,60.0
141,"O_REILLY, RYAN",Colorado,81,1581:58,18,37,21,55,189,238,302,9.52,0.68,1.40,0.80,2.09,7.17,9.03,11.45,25.0,51.4,76.4
142,"WEISS, STEPHEN",Florida,80,1640:49,20,37,20,57,148,217,264,13.51,0.73,1.35,0.73,2.08,5.41,7.94,9.65,21.5,39.8,61.3
143,"OSHIE, TJ",St. Louis,80,1562:21,19,35,24,54,188,249,296,10.11,0.73,1.34,0.92,2.07,7.22,9.56,11.37,23.8,43.8,67.5
144,"BOURQUE, GABRIEL",Nashville,43,549:55,7,12,5,19,59,72,94,11.86,0.76,1.31,0.55,2.07,6.44,7.86,10.26,29.2,50.0,79.2
145,"CARCILLO, DAN",Chicago,28,319:12,2,9,5,11,27,42,55,7.41,0.38,1.69,0.94,2.07,5.08,7.89,10.34,11.1,50.0,61.1
146,"BERTUZZI, TODD",Detroit,71,1104:13,14,24,9,38,118,159,188,11.86,0.76,1.30,0.49,2.06,6.41,8.64,10.22,22.2,38.1,60.3
147,"DOWNIE, STEVE",Colorado,75,1194:52,14,27,13,41,140,191,265,10.00,0.70,1.36,0.65,2.06,7.03,9.59,13.31,21.9,42.2,64.1
148,"CAMMALLERI, MIKE",Calgary,66,1195:20,20,21,12,41,175,220,281,11.43,1.00,1.05,0.60,2.06,8.78,11.04,14.10,35.7,37.5,73.2
149,"JOHANSSON, MARCUS",Washington,80,1343:54,14,32,20,46,90,125,177,15.56,0.62,1.43,0.89,2.05,4.02,5.58,7.90,19.4,44.4,63.9
150,"WELLWOOD, ERIC",Philadelphia,24,262:58,5,4,2,9,36,52,60,13.89,1.14,0.91,0.46,2.05,8.21,11.86,13.69,31.2,25.0,56.2
151,"BOZAK, TYLER",Toronto,73,1375:28,18,29,17,47,109,163,200,16.51,0.79,1.26,0.74,2.05,4.75,7.11,8.72,22.0,35.4,57.3
152,"READ, MATT",Philadelphia,79,1347:49,23,23,9,46,154,228,282,14.94,1.02,1.02,0.40,2.05,6.86,10.15,12.55,33.3,33.3,66.7
153,"MUELLER, PETER",Colorado,32,468:53,7,9,8,16,82,115,154,8.54,0.90,1.15,1.02,2.05,10.49,14.72,19.71,36.8,47.4,84.2
154,"LANDESKOG, GABRIEL",Colorado,82,1526:11,22,30,15,52,270,336,406,8.15,0.86,1.18,0.59,2.04,10.61,13.21,15.96,27.2,37.0,64.2
155,"HALISCHUK, MATT",Nashville,73,821:51,15,13,8,28,96,115,137,15.62,1.10,0.95,0.58,2.04,7.01,8.40,10.00,45.5,39.4,84.8
156,"STEEN, ALEXANDER",St. Louis,43,822:27,15,13,8,28,134,191,278,11.19,1.09,0.95,0.58,2.04,9.78,13.93,20.28,29.4,25.5,54.9
157,"BRASSARD, DERICK",Columbus,74,1208:55,14,27,16,41,125,156,233,11.20,0.69,1.34,0.79,2.03,6.20,7.74,11.56,23.7,45.8,69.5
158,"CALLAHAN, RYAN",NY Rangers,76,1598:49,29,25,15,54,236,307,392,12.29,1.09,0.94,0.56,2.03,8.86,11.52,14.71,37.2,32.1,69.2
159,"PALMIERI, KYLE",Anaheim,18,207:22,4,3,2,7,34,52,70,11.76,1.16,0.87,0.58,2.03,9.84,15.05,20.25,33.3,25.0,58.3
160,"SYKORA, PETR",New Jersey,82,1304:20,21,23,13,44,170,240,312,12.35,0.97,1.06,0.60,2.02,7.82,11.04,14.35,33.3,36.5,69.8
#,Player Name,Team,GP,TOI,G,A,FirstA,Points,Shots,iFenwick,iCorsi,Sh%,G/60,A/60,FirstA/60,Points/60,Shots/60,iFenwick/60,iCorsi/60,IGP,IAP,IPP
161,"ATKINSON, CAM",Columbus,27,415:28,7,7,6,14,66,86,108,10.61,1.01,1.01,0.87,2.02,9.53,12.42,15.60,25.0,25.0,50.0
162,"ARNOTT, JASON",St. Louis,72,1014:15,17,17,9,34,142,191,231,11.97,1.01,1.01,0.53,2.01,8.40,11.30,13.67,30.4,30.4,60.7
163,"OKPOSO, KYLE",NY Islanders,79,1348:18,24,21,13,45,152,215,279,15.79,1.07,0.93,0.58,2.00,6.76,9.57,12.42,40.0,35.0,75.0
164,"BYFUGLIEN, DUSTIN",Winnipeg,66,1589:42,12,41,19,53,223,351,479,5.38,0.45,1.55,0.72,2.00,8.42,13.25,18.08,12.9,44.1,57.0
165,"LETANG, KRIS",Pittsburgh,51,1266:00,10,32,16,42,142,186,264,7.04,0.47,1.52,0.76,1.99,6.73,8.82,12.51,9.9,31.7,41.6
166,"CLOWE, RYANE",San Jose,76,1357:49,17,28,14,45,180,231,297,9.44,0.75,1.24,0.62,1.99,7.95,10.21,13.12,25.4,41.8,67.2
167,"KOSTITSYN, ANDREI",Nashville,72,1088:20,16,20,10,36,122,166,236,13.11,0.88,1.10,0.55,1.98,6.73,9.15,13.01,29.1,36.4,65.5
168,"JOKINEN, JUSSI",Carolina,79,1395:19,12,34,17,46,118,184,241,10.17,0.52,1.46,0.73,1.98,5.07,7.91,10.36,16.2,45.9,62.2
169,"BACKES, DAVID",St. Louis,82,1639:50,24,30,17,54,234,327,397,10.26,0.88,1.10,0.62,1.98,8.56,11.96,14.53,28.6,35.7,64.3
170,"NIELSEN, FRANS",NY Islanders,82,1431:07,17,30,13,47,133,181,232,12.78,0.71,1.26,0.55,1.97,5.58,7.59,9.73,23.0,40.5,63.5
171,"STEPAN, DEREK",NY Rangers,82,1553:14,17,34,22,51,169,222,291,10.06,0.66,1.31,0.85,1.97,6.53,8.58,11.24,22.4,44.7,67.1
172,"BROWN, DUSTIN",Los Angeles,82,1653:51,22,32,18,54,214,303,400,10.28,0.80,1.16,0.65,1.96,7.76,10.99,14.51,23.4,34.0,57.4
173,"JONES, DAVID",Colorado,72,1133:58,20,17,11,37,136,195,247,14.71,1.06,0.90,0.58,1.96,7.20,10.32,13.07,36.4,30.9,67.3
174,"BOOTH, DAVID",Vancouver,62,925:41,16,14,6,30,158,200,261,10.13,1.04,0.91,0.39,1.94,10.24,12.96,16.92,34.8,30.4,65.2
175,"KELLY, CHRIS",Boston,82,1208:18,20,19,11,39,122,163,200,16.39,0.99,0.94,0.55,1.94,6.06,8.09,9.93,31.7,30.2,61.9
176,"CARTER, JEFF",Los Angeles,55,1055:05,21,13,7,34,184,260,312,11.41,1.19,0.74,0.40,1.93,10.46,14.79,17.74,40.4,25.0,65.4
177,"GETZLAF, RYAN",Anaheim,82,1771:09,11,46,27,57,185,289,396,5.95,0.37,1.56,0.91,1.93,6.27,9.79,13.41,12.9,54.1,67.1
178,"CHIMERA, JASON",Washington,82,1183:30,19,19,11,38,204,251,295,9.31,0.96,0.96,0.56,1.93,10.34,12.72,14.96,36.5,36.5,73.1
179,"SMITH, BRENDAN",Detroit,14,218:50,1,6,4,7,13,21,31,7.69,0.27,1.65,1.10,1.92,3.56,5.76,8.50,10.0,60.0,70.0
180,"STEWART, ANTHONY",Carolina,77,625:36,9,11,5,20,64,87,105,14.06,0.86,1.05,0.48,1.92,6.14,8.34,10.07,34.6,42.3,76.9
181,"HANSEN, JANNIK",Vancouver,82,1221:34,16,23,17,39,137,181,230,11.68,0.79,1.13,0.83,1.92,6.73,8.89,11.30,30.8,44.2,75.0
182,"WILSON, COLIN",Nashville,68,1096:51,15,20,11,35,114,152,190,13.16,0.82,1.09,0.60,1.91,6.24,8.31,10.39,24.2,32.3,56.5
183,"KESLER, RYAN",Vancouver,77,1547:04,22,27,15,49,222,317,416,9.91,0.85,1.05,0.58,1.90,8.61,12.29,16.13,25.6,31.4,57.0
184,"DOAN, SHANE",Arizona,79,1548:14,22,27,14,49,226,335,424,9.73,0.85,1.05,0.54,1.90,8.76,12.98,16.43,30.1,37.0,67.1
185,"RICHARDS, MIKE",Los Angeles,74,1397:36,18,26,17,44,170,272,364,10.59,0.77,1.12,0.73,1.89,7.30,11.68,15.63,29.0,41.9,71.0
186,"TURRIS, KYLE",Ottawa,55,926:58,12,17,12,29,141,176,238,8.51,0.78,1.10,0.78,1.88,9.13,11.39,15.41,28.6,40.5,69.0
187,"LADD, ANDREW",Winnipeg,82,1604:24,28,22,13,50,265,351,431,10.57,1.05,0.82,0.49,1.87,9.91,13.13,16.12,36.4,28.6,64.9
188,"ADAM, LUKE",Buffalo,52,644:54,10,10,4,20,89,134,167,11.24,0.93,0.93,0.37,1.86,8.28,12.47,15.54,35.7,35.7,71.4
189,"TAFFE, JEFF",Minnesota,5,64:33,0,2,1,2,7,9,13,0.00,0.00,1.86,0.93,1.86,6.51,8.37,12.08,0.0,50.0,50.0
190,"PLEKANEC, TOMAS",Montreal,81,1679:30,17,35,21,52,220,294,398,7.73,0.61,1.25,0.75,1.86,7.86,10.50,14.22,23.3,47.9,71.2
191,"HEATLEY, DANY",Minnesota,82,1715:47,24,29,17,53,238,330,434,10.08,0.84,1.01,0.59,1.85,8.32,11.54,15.18,28.2,34.1,62.4
192,"LITTLE, BRYAN",Winnipeg,74,1496:06,24,22,14,46,162,225,291,14.81,0.96,0.88,0.56,1.84,6.50,9.02,11.67,31.6,28.9,60.5
193,"ANTROPOV, NIK",Winnipeg,69,1139:33,15,20,15,35,95,140,177,15.79,0.79,1.05,0.79,1.84,5.00,7.37,9.32,26.3,35.1,61.4
194,"NEIL, CHRIS",Ottawa,72,921:03,13,15,9,28,127,157,192,10.24,0.85,0.98,0.59,1.82,8.27,10.23,12.51,29.5,34.1,63.6
195,"CONNOLLY, TIM",Toronto,70,1190:18,13,23,13,36,104,155,202,12.50,0.66,1.16,0.66,1.81,5.24,7.81,10.18,25.5,45.1,70.6
196,"ZUCKER, JASON",Minnesota,6,66:09,0,2,2,2,10,12,16,0.00,0.00,1.81,1.81,1.81,9.07,10.88,14.51,0.0,100.0,100.0
197,"BULMER, BRETT",Minnesota,9,99:17,0,3,0,3,7,10,13,0.00,0.00,1.81,0.00,1.81,4.23,6.04,7.86,0.0,100.0,100.0
198,"ZUCCARELLO, MATS",NY Rangers,10,100:26,2,1,0,3,10,15,19,20.00,1.19,0.60,0.00,1.79,5.97,8.96,11.35,28.6,14.3,42.9
199,"TLUSTY, JIRI",Carolina,79,1177:34,16,19,9,35,135,180,225,11.85,0.82,0.97,0.46,1.78,6.88,9.17,11.46,29.1,34.5,63.6
200,"HEMSKY, ALES",Edmonton,69,1214:24,10,26,13,36,137,186,256,7.30,0.49,1.28,0.64,1.78,6.77,9.19,12.65,20.8,54.2,75.0
#,Player Name,Team,GP,TOI,G,A,FirstA,Points,Shots,iFenwick,iCorsi,Sh%,G/60,A/60,FirstA/60,Points/60,Shots/60,iFenwick/60,iCorsi/60,IGP,IAP,IPP
201,"DUCHENE, MATT",Colorado,58,944:44,14,14,7,28,132,181,249,10.61,0.89,0.89,0.44,1.78,8.38,11.50,15.81,35.9,35.9,71.8
202,"TOOTOO, JORDIN",Nashville,77,1012:51,6,24,19,30,136,176,237,4.41,0.36,1.42,1.13,1.78,8.06,10.43,14.04,17.1,68.6,85.7
203,"PIRRI, BRANDON",Chicago,5,67:35,0,2,0,2,5,7,12,0.00,0.00,1.78,0.00,1.78,4.44,6.21,10.65,0.0,50.0,50.0
204,"ANISIMOV, ARTEM",NY Rangers,79,1216:35,16,20,12,36,132,193,254,12.12,0.79,0.99,0.59,1.78,6.51,9.52,12.53,30.8,38.5,69.2
205,"BOLLAND, DAVE",Chicago,76,1254:07,19,18,12,37,126,160,211,15.08,0.91,0.86,0.57,1.77,6.03,7.65,10.09,30.2,28.6,58.7
206,"SMYTH, RYAN",Edmonton,82,1564:35,19,27,12,46,194,274,315,9.79,0.73,1.04,0.46,1.76,7.44,10.51,12.08,27.1,38.6,65.7
207,"VAN_DER_GULIK, DAVID",Colorado,25,205:04,1,5,3,6,20,27,33,5.00,0.29,1.46,0.88,1.76,5.85,7.90,9.66,9.1,45.5,54.5
208,"TORRES, RAFFI",Arizona,79,898:06,15,11,4,26,99,131,155,15.15,1.00,0.73,0.27,1.74,6.61,8.75,10.36,42.9,31.4,74.3
209,"GREENING, COLIN",Ottawa,82,1278:29,17,20,12,37,184,240,291,9.24,0.80,0.94,0.56,1.74,8.64,11.26,13.66,27.0,31.7,58.7
210,"CRABB, JOEY",Toronto,67,900:45,11,15,7,26,75,110,144,14.67,0.73,1.00,0.47,1.73,5.00,7.33,9.59,34.4,46.9,81.2
211,"BONINO, NICK",Anaheim,50,623:51,5,13,6,18,63,88,104,7.94,0.48,1.25,0.58,1.73,6.06,8.46,10.00,20.0,52.0,72.0
212,"SETOGUCHI, DEVIN",Minnesota,69,1213:22,18,17,7,35,173,227,305,10.40,0.89,0.84,0.35,1.73,8.55,11.22,15.08,35.3,33.3,68.6
213,"BERGERON, MARC-ANDRE",Tampa Bay,43,832:13,4,20,8,24,80,123,198,5.00,0.29,1.44,0.58,1.73,5.77,8.87,14.28,8.2,40.8,49.0
214,"HANZAL, MARTIN",Arizona,64,1180:29,8,26,14,34,145,203,249,5.52,0.41,1.32,0.71,1.73,7.37,10.32,12.66,12.5,40.6,53.1
215,"COOKE, MATT",Pittsburgh,82,1285:45,18,19,6,37,146,193,239,12.33,0.84,0.89,0.28,1.73,6.81,9.01,11.15,34.0,35.8,69.8
216,"EAKIN, CODY",Washington,30,278:18,4,4,1,8,31,38,51,12.90,0.86,0.86,0.22,1.72,6.68,8.19,11.00,33.3,33.3,66.7
217,"OTT, STEVE",Dallas,74,1357:01,11,28,15,39,108,169,217,10.19,0.49,1.24,0.66,1.72,4.78,7.47,9.59,17.7,45.2,62.9
218,"ZUBRUS, DAINIUS",New Jersey,82,1532:39,17,27,17,44,109,147,171,15.60,0.67,1.06,0.67,1.72,4.27,5.75,6.69,23.9,38.0,62.0
219,"RUUTU, TUOMO",Carolina,72,1185:10,18,16,9,34,156,211,271,11.54,0.91,0.81,0.46,1.72,7.90,10.68,13.72,30.5,27.1,57.6
220,"CHIPCHURA, KYLE",Arizona,53,557:50,3,13,9,16,43,60,78,6.98,0.32,1.40,0.97,1.72,4.62,6.45,8.39,14.3,61.9,76.2
221,"UMBERGER, RJ",Columbus,77,1400:45,20,20,12,40,200,253,302,10.00,0.86,0.86,0.51,1.71,8.57,10.84,12.94,29.4,29.4,58.8
222,"AVERY, SEAN",NY Rangers,15,105:13,3,0,0,3,15,22,31,20.00,1.71,0.00,0.00,1.71,8.55,12.55,17.68,75.0,0.0,75.0
223,"ROY, DEREK",Buffalo,80,1544:06,17,27,11,44,176,232,326,9.66,0.66,1.05,0.43,1.71,6.84,9.02,12.67,23.3,37.0,60.3
224,"LAROSE, CHAD",Carolina,67,1123:15,19,13,8,32,199,263,332,9.55,1.01,0.69,0.43,1.71,10.63,14.05,17.73,36.5,25.0,61.5
225,"REPIK, MICHAL",Florida,17,176:07,2,3,2,5,35,44,47,5.71,0.68,1.02,0.68,1.70,11.92,14.99,16.01,28.6,42.9,71.4
226,"GERBE, NATHAN",Buffalo,62,880:52,6,19,14,25,137,169,217,4.38,0.41,1.29,0.95,1.70,9.33,11.51,14.78,18.2,57.6,75.8
227,"REGIN, PETER",Ottawa,10,140:56,2,2,2,4,15,21,28,13.33,0.85,0.85,0.85,1.70,6.39,8.94,11.92,33.3,33.3,66.7
228,"HAYES, JIMMY",Chicago,31,317:38,5,4,2,9,40,52,60,12.50,0.94,0.76,0.38,1.70,7.56,9.82,11.33,50.0,40.0,90.0
229,"KOIVU, SAKU",Anaheim,74,1341:18,11,27,12,38,107,145,193,10.28,0.49,1.21,0.54,1.70,4.79,6.49,8.63,15.9,39.1,55.1
230,"STEMPNIAK, LEE",Calgary,61,989:58,14,14,7,28,130,172,232,10.77,0.85,0.85,0.42,1.70,7.88,10.42,14.06,35.0,35.0,70.0
231,"BRODZIAK, KYLE",Minnesota,82,1561:42,22,22,15,44,160,225,283,13.75,0.85,0.85,0.58,1.69,6.15,8.64,10.87,42.3,42.3,84.6
232,"WOLSKI, WOJTEK",Florida,31,426:39,4,8,3,12,50,70,90,8.00,0.56,1.12,0.42,1.69,7.03,9.84,12.66,22.2,44.4,66.7
233,"BRENT, TIM",Carolina,79,860:02,12,12,6,24,71,96,120,16.90,0.84,0.84,0.42,1.67,4.95,6.70,8.37,29.3,29.3,58.5
234,"BICKELL, BRYAN",Chicago,71,861:44,9,15,8,24,84,118,162,10.71,0.63,1.04,0.56,1.67,5.85,8.22,11.28,25.7,42.9,68.6
235,"GAGNE, SIMON",Los Angeles,34,611:37,7,10,7,17,75,93,128,9.33,0.69,0.98,0.69,1.67,7.36,9.12,12.56,26.9,38.5,65.4
236,"CLEARY, DAN",Detroit,75,1198:38,12,21,11,33,199,256,308,6.03,0.60,1.05,0.55,1.65,9.96,12.81,15.42,24.5,42.9,67.3
237,"POULIOT, MARC-ANTOINE",Arizona,13,145:27,0,4,2,4,19,27,33,0.00,0.00,1.65,0.82,1.65,7.84,11.14,13.61,0.0,66.7,66.7
238,"HOLMSTROM, TOMAS",Detroit,74,878:30,11,13,6,24,97,133,153,11.34,0.75,0.89,0.41,1.64,6.62,9.08,10.45,26.8,31.7,58.5
239,"PONIKAROVSKY, ALEXEI",New Jersey,82,1209:14,14,19,9,33,156,210,275,8.97,0.69,0.94,0.45,1.64,7.74,10.42,13.64,28.6,38.8,67.3
240,"DUBINSKY, BRANDON",NY Rangers,77,1253:01,10,24,14,34,140,198,256,7.14,0.48,1.15,0.67,1.63,6.70,9.48,12.26,16.4,39.3,55.7
#,Player Name,Team,GP,TOI,G,A,FirstA,Points,Shots,iFenwick,iCorsi,Sh%,G/60,A/60,FirstA/60,Points/60,Shots/60,iFenwick/60,iCorsi/60,IGP,IAP,IPP
241,"CARON, JORDAN",Boston,48,553:21,7,8,5,15,57,69,87,12.28,0.76,0.87,0.54,1.63,6.18,7.48,9.43,31.8,36.4,68.2
242,"JONES, RYAN",Edmonton,79,1218:37,17,16,6,33,137,184,228,12.41,0.84,0.79,0.30,1.62,6.75,9.06,11.23,35.4,33.3,68.8
243,"ASHAM, ARRON",Pittsburgh,64,591:05,5,11,9,16,49,68,92,10.20,0.51,1.12,0.91,1.62,4.97,6.90,9.34,20.8,45.8,66.7
244,"LAICH, BROOKS",Washington,82,1516:12,16,25,20,41,191,246,298,8.38,0.63,0.99,0.79,1.62,7.56,9.73,11.79,25.8,40.3,66.1
245,"GOC, MARCEL",Florida,57,1004:12,11,16,10,27,97,121,149,11.34,0.66,0.96,0.60,1.61,5.80,7.23,8.90,26.2,38.1,64.3
246,"BOYES, BRAD",Buffalo,65,855:51,8,15,10,23,100,137,170,8.00,0.56,1.05,0.70,1.61,7.01,9.60,11.92,22.9,42.9,65.7
247,"HEJDUK, MILAN",Colorado,81,1378:03,14,23,16,37,170,219,291,8.24,0.61,1.00,0.70,1.61,7.40,9.54,12.67,20.9,34.3,55.2
248,"MORROW, BRENDEN",Dallas,57,971:12,11,15,7,26,88,126,158,12.50,0.68,0.93,0.43,1.61,5.44,7.78,9.76,25.0,34.1,59.1
249,"TIMONEN, KIMMO",Philadelphia,76,1613:34,4,39,18,43,130,185,256,3.08,0.15,1.45,0.67,1.60,4.83,6.88,9.52,4.5,43.8,48.3
250,"SUTTER, BRETT",Carolina,15,113:36,0,3,2,3,11,18,22,0.00,0.00,1.58,1.06,1.58,5.81,9.51,11.62,0.0,60.0,60.0
251,"HELM, DARREN",Detroit,68,986:51,9,17,10,26,124,174,248,7.26,0.55,1.03,0.61,1.58,7.54,10.58,15.08,26.5,50.0,76.5
252,"CHARA, ZDENO",Boston,79,1975:24,12,40,20,52,224,310,461,5.36,0.36,1.21,0.61,1.58,6.80,9.42,14.00,10.3,34.5,44.8
253,"BOWMAN, DRAYSON",Carolina,37,494:03,6,7,4,13,70,89,124,8.57,0.73,0.85,0.49,1.58,8.50,10.81,15.06,28.6,33.3,61.9
254,"BAILEY, JOSH",NY Islanders,80,1217:34,13,19,11,32,104,134,177,12.50,0.64,0.94,0.54,1.58,5.12,6.60,8.72,26.5,38.8,65.3
255,"VERMETTE, ANTOINE",Arizona,82,1410:57,11,26,17,37,149,212,254,7.38,0.47,1.11,0.72,1.57,6.34,9.02,10.80,16.9,40.0,56.9
256,"MCINTYRE, DAVID",Minnesota,7,76:24,1,1,0,2,6,9,13,16.67,0.79,0.79,0.00,1.57,4.71,7.07,10.21,50.0,50.0,100.0
257,"LANGKOW, DAYMOND",Arizona,73,1149:49,11,19,9,30,112,166,198,9.82,0.57,0.99,0.47,1.57,5.84,8.66,10.33,24.4,42.2,66.7
258,"WYMAN, JT",Tampa Bay,40,421:51,2,9,5,11,31,47,61,6.45,0.28,1.28,0.71,1.56,4.41,6.68,8.68,13.3,60.0,73.3
259,"LETESTU, MARK",Columbus,62,970:08,11,14,8,25,114,152,188,9.65,0.68,0.87,0.49,1.55,7.05,9.40,11.63,22.4,28.6,51.0
260,"KORPIKOSKI, LAURI",Arizona,82,1405:05,16,20,14,36,145,215,292,11.03,0.68,0.85,0.60,1.54,6.19,9.18,12.47,29.6,37.0,66.7
261,"GRABNER, MICHAEL",NY Islanders,78,1212:27,19,12,7,31,171,224,272,11.11,0.94,0.59,0.35,1.53,8.46,11.09,13.46,45.2,28.6,73.8
262,"BRUNETTE, ANDREW",Chicago,78,1056:52,12,15,11,27,75,100,116,16.00,0.68,0.85,0.62,1.53,4.26,5.68,6.59,23.1,28.8,51.9
263,"PIETRANGELO, ALEX",St. Louis,81,2001:49,12,39,21,51,202,316,460,5.94,0.36,1.17,0.63,1.53,6.05,9.47,13.79,13.5,43.8,57.3
264,"TALBOT, MAXIME",Philadelphia,81,1295:58,18,15,11,33,114,152,193,15.79,0.83,0.69,0.51,1.53,5.28,7.04,8.94,36.0,30.0,66.0
265,"SAMSON, JEROME",Carolina,16,196:26,2,3,2,5,31,43,55,6.45,0.61,0.92,0.61,1.53,9.47,13.13,16.80,22.2,33.3,55.6
266,"PITKANEN, JONI",Carolina,30,669:08,5,12,5,17,62,88,115,8.06,0.45,1.08,0.45,1.52,5.56,7.89,10.31,15.6,37.5,53.1
267,"KULEMIN, NIKOLAI",Toronto,70,1065:43,6,21,11,27,106,184,231,5.66,0.34,1.18,0.62,1.52,5.97,10.36,13.01,12.8,44.7,57.4
268,"CALVERT, MATT",Columbus,13,118:40,0,3,0,3,4,7,12,0.00,0.00,1.52,0.00,1.52,2.02,3.54,6.07,0.0,75.0,75.0
269,"CIZIKAS, CASEY",NY Islanders,15,159:01,0,4,3,4,12,15,24,0.00,0.00,1.51,1.13,1.51,4.53,5.66,9.06,0.0,57.1,57.1
270,"ULLSTROM, DAVID",NY Islanders,29,318:17,4,4,1,8,40,50,67,10.00,0.75,0.75,0.19,1.51,7.54,9.43,12.63,33.3,33.3,66.7
271,"BERGLUND, PATRIK",St. Louis,82,1472:58,18,19,11,37,187,296,373,9.63,0.73,0.77,0.45,1.51,7.62,12.06,15.19,32.1,33.9,66.1
272,"SMITH, TREVOR",Tampa Bay,16,199:27,2,3,2,5,17,20,25,11.76,0.60,0.90,0.60,1.50,5.11,6.02,7.52,18.2,27.3,45.5
273,"EDLER, ALEXANDER",Vancouver,82,1956:55,11,38,16,49,228,324,493,4.82,0.34,1.17,0.49,1.50,6.99,9.93,15.12,10.8,37.3,48.0
274,"MITCHELL, JOHN",NY Rangers,63,640:14,5,11,5,16,64,92,117,7.81,0.47,1.03,0.47,1.50,6.00,8.62,10.96,17.9,39.3,57.1
275,"GIONTA, BRIAN",Montreal,31,602:29,8,7,6,15,75,121,154,10.67,0.80,0.70,0.60,1.49,7.47,12.05,15.34,32.0,28.0,60.0
276,"BUTLER, BOBBY",Ottawa,56,642:45,6,10,4,16,86,122,161,6.98,0.56,0.93,0.37,1.49,8.03,11.39,15.03,17.6,29.4,47.1
277,"COUTURIER, SEAN",Philadelphia,77,1088:43,13,14,8,27,116,147,189,11.21,0.72,0.77,0.44,1.49,6.39,8.10,10.42,30.2,32.6,62.8
278,"HANDZUS, MICHAL",San Jose,67,968:17,7,17,14,24,81,107,132,8.64,0.43,1.05,0.87,1.49,5.02,6.63,8.18,20.6,50.0,70.6
279,"MIETTINEN, ANTTI",Winnipeg,45,526:49,5,8,4,13,58,78,104,8.62,0.57,0.91,0.46,1.48,6.61,8.88,11.84,27.8,44.4,72.2
280,"MCMILLAN, CARSON",Minnesota,11,121:40,1,2,1,3,8,14,19,12.50,0.49,0.99,0.49,1.48,3.95,6.90,9.37,25.0,50.0,75.0
#,Player Name,Team,GP,TOI,G,A,FirstA,Points,Shots,iFenwick,iCorsi,Sh%,G/60,A/60,FirstA/60,Points/60,Shots/60,iFenwick/60,iCorsi/60,IGP,IAP,IPP
281,"JOHANSEN, RYAN",Columbus,67,853:16,9,12,9,21,99,130,170,9.09,0.63,0.84,0.63,1.48,6.96,9.14,11.95,27.3,36.4,63.6
282,"CULLEN, MATT",Minnesota,73,1382:09,13,21,15,34,163,199,266,7.98,0.56,0.91,0.65,1.48,7.08,8.64,11.55,24.5,39.6,64.2
283,"SHATTENKIRK, KEVIN",St. Louis,81,1749:41,9,34,17,43,178,244,341,5.06,0.31,1.17,0.58,1.47,6.10,8.37,11.69,10.6,40.0,50.6
284,"STREIT, MARK",NY Islanders,82,1917:07,7,40,23,47,149,198,319,4.70,0.22,1.25,0.72,1.47,4.66,6.20,9.98,7.4,42.1,49.5
285,"KABERLE, TOMAS",Montreal,72,1275:48,3,28,10,31,87,130,188,3.45,0.14,1.32,0.47,1.46,4.09,6.11,8.84,4.4,41.2,45.6
286,"MILLER, DREW",Detroit,80,1029:54,14,11,8,25,131,162,194,10.69,0.82,0.64,0.47,1.46,7.63,9.44,11.30,38.9,30.6,69.4
287,"LABRIE, PIERRE-CEDRIC",Tampa Bay,14,82:36,0,2,0,2,5,12,17,0.00,0.00,1.45,0.00,1.45,3.63,8.72,12.35,0.0,100.0,100.0
288,"GREEN, JOSH",Edmonton,7,82:44,1,1,1,2,14,20,22,7.14,0.73,0.73,0.73,1.45,10.15,14.50,15.95,50.0,50.0,100.0
289,"EAGER, BEN",Edmonton,63,538:06,8,5,4,13,69,94,121,11.59,0.89,0.56,0.45,1.45,7.69,10.48,13.49,50.0,31.2,81.2
290,"CAMPBELL, BRIAN",Florida,82,2205:31,4,49,23,53,131,187,274,3.05,0.11,1.33,0.63,1.44,3.56,5.09,7.45,4.0,49.0,53.0
291,"WEBER, SHEA",Nashville,78,2040:34,19,30,19,49,230,335,434,8.26,0.56,0.88,0.56,1.44,6.76,9.85,12.76,15.6,24.6,40.2
292,"ROLSTON, BRIAN",Boston,70,999:36,7,17,7,24,151,203,276,4.64,0.42,1.02,0.42,1.44,9.06,12.18,16.57,18.4,44.7,63.2
293,"BIEKSA, KEVIN",Vancouver,78,1843:55,8,36,10,44,166,241,355,4.82,0.26,1.17,0.33,1.43,5.40,7.84,11.55,8.6,38.7,47.3
294,"KRUGER, MARCUS",Chicago,71,1093:22,9,17,9,26,89,112,131,10.11,0.49,0.93,0.49,1.43,4.88,6.15,7.19,19.1,36.2,55.3
295,"STEWART, CHRIS",St. Louis,79,1219:38,14,15,11,29,165,221,268,8.48,0.69,0.74,0.54,1.43,8.12,10.87,13.18,35.0,37.5,72.5
296,"PARK, RICHARD",Pittsburgh,54,589:21,7,7,4,14,44,62,86,15.91,0.71,0.71,0.41,1.43,4.48,6.31,8.76,31.8,31.8,63.6
297,"DEL_ZOTTO, MICHAEL",NY Rangers,77,1726:52,10,31,15,41,113,155,232,8.85,0.35,1.08,0.52,1.42,3.93,5.39,8.06,10.5,32.6,43.2
298,"SMITH, ZACK",Ottawa,81,1139:42,14,13,6,27,134,207,276,10.45,0.74,0.68,0.32,1.42,7.05,10.90,14.53,31.8,29.5,61.4
299,"WILLIAMS, JASON",Pittsburgh,8,84:35,1,1,0,2,4,10,13,25.00,0.71,0.71,0.00,1.42,2.84,7.09,9.22,33.3,33.3,66.7
300,"SCHENN, BRAYDEN",Philadelphia,54,762:43,12,6,3,18,97,130,173,12.37,0.94,0.47,0.24,1.42,7.63,10.23,13.61,35.3,17.6,52.9
301,"KADRI, NAZEM",Toronto,21,297:21,5,2,2,7,28,36,58,17.86,1.01,0.40,0.40,1.41,5.65,7.26,11.70,29.4,11.8,41.2
302,"CHRISTENSEN, ERIK",Minnesota,49,509:55,7,5,3,12,44,62,89,15.91,0.82,0.59,0.35,1.41,5.18,7.30,10.47,41.2,29.4,70.6
303,"WINCHESTER, JESSE",Ottawa,32,340:23,2,6,4,8,52,71,91,3.85,0.35,1.06,0.71,1.41,9.17,12.52,16.04,16.7,50.0,66.7
304,"WIDEMAN, DENNIS",Washington,82,1959:32,11,35,19,46,175,265,370,6.29,0.34,1.07,0.58,1.41,5.36,8.11,11.33,11.7,37.2,48.9
305,"YANDLE, KEITH",Arizona,82,1831:43,11,32,17,43,195,297,435,5.64,0.36,1.05,0.56,1.41,6.39,9.73,14.25,12.6,36.8,49.4
306,"LANGENBRUNNER, JAMIE",St. Louis,70,1023:04,6,18,11,24,127,156,205,4.72,0.35,1.06,0.65,1.41,7.45,9.15,12.02,17.6,52.9,70.6
307,"BROUWER, TROY",Washington,82,1408:16,18,15,9,33,132,189,247,13.64,0.77,0.64,0.38,1.41,5.62,8.05,10.52,29.5,24.6,54.1
308,"JOHNSON, NICK",Minnesota,77,1110:58,8,18,14,26,146,182,222,5.48,0.43,0.97,0.76,1.40,7.88,9.83,11.99,21.6,48.6,70.3
309,"D_AGOSTINI, MATT",St. Louis,55,770:53,9,9,5,18,101,155,207,8.91,0.70,0.70,0.39,1.40,7.86,12.06,16.11,26.5,26.5,52.9
310,"DESJARDINS, ANDREW",San Jose,76,728:12,4,13,9,17,80,107,132,5.00,0.33,1.07,0.74,1.40,6.59,8.82,10.88,17.4,56.5,73.9
311,"RAYMOND, MASON",Vancouver,55,857:15,10,10,7,20,125,156,204,8.00,0.70,0.70,0.49,1.40,8.75,10.92,14.28,28.6,28.6,57.1
312,"TROPP, COREY",Buffalo,34,342:57,3,5,2,8,32,41,50,9.38,0.52,0.87,0.35,1.40,5.60,7.17,8.75,25.0,41.7,66.7
313,"ELLIS, RYAN",Nashville,32,474:29,3,8,5,11,34,49,77,8.82,0.38,1.01,0.63,1.39,4.30,6.20,9.74,12.5,33.3,45.8
314,"KOPECKY, TOMAS",Florida,80,1381:28,10,22,13,32,142,211,298,7.04,0.43,0.96,0.56,1.39,6.17,9.16,12.94,18.2,40.0,58.2
315,"BOYLE, DAN",San Jose,81,2072:14,9,39,13,48,252,350,520,3.57,0.26,1.13,0.38,1.39,7.30,10.13,15.06,7.4,32.2,39.7
316,"ZAJAC, TRAVIS",New Jersey,15,260:37,2,4,3,6,25,32,39,8.00,0.46,0.92,0.69,1.38,5.76,7.37,8.98,22.2,44.4,66.7
317,"BURISH, ADAM",Dallas,65,831:13,6,13,8,19,82,113,140,7.32,0.43,0.94,0.58,1.37,5.92,8.16,10.11,18.8,40.6,59.4
318,"FRANSON, CODY",Toronto,57,922:51,5,16,5,21,65,95,173,7.69,0.33,1.04,0.33,1.37,4.23,6.18,11.25,11.1,35.6,46.7
319,"WISNIEWSKI, JAMES",Columbus,48,1190:17,6,21,10,27,99,154,215,6.06,0.30,1.06,0.50,1.36,4.99,7.76,10.84,12.0,42.0,54.0
320,"STAJAN, MATT",Calgary,61,793:38,8,10,5,18,77,93,121,10.39,0.60,0.76,0.38,1.36,5.82,7.03,9.15,30.8,38.5,69.2
#,Player Name,Team,GP,TOI,G,A,FirstA,Points,Shots,iFenwick,iCorsi,Sh%,G/60,A/60,FirstA/60,Points/60,Shots/60,iFenwick/60,iCorsi/60,IGP,IAP,IPP
321,"NIKITIN, NIKITA",Columbus,61,1415:01,7,25,11,32,103,163,236,6.80,0.30,1.06,0.47,1.36,4.37,6.91,10.01,10.9,39.1,50.0
322,"BERGENHEIM, SEAN",Florida,62,1017:33,17,6,3,23,185,247,292,9.19,1.00,0.35,0.18,1.36,10.91,14.56,17.22,43.6,15.4,59.0
323,"HARTIKAINEN, TEEMU",Edmonton,17,221:12,2,3,2,5,24,29,36,8.33,0.54,0.81,0.54,1.36,6.51,7.87,9.76,22.2,33.3,55.6
324,"OLVER, MARK",Colorado,24,310:45,4,3,2,7,26,31,40,15.38,0.77,0.58,0.39,1.35,5.02,5.99,7.72,44.4,33.3,77.8
325,"BERGFORS, NICLAS",Nashville,11,88:48,1,1,0,2,11,12,14,9.09,0.68,0.68,0.00,1.35,7.43,8.11,9.46,25.0,25.0,50.0
326,"GONCHAR, SERGEI",Ottawa,74,1646:43,5,32,18,37,131,181,290,3.82,0.18,1.17,0.66,1.35,4.77,6.59,10.57,6.2,39.5,45.7
327,"LINDSTROM, JOAKIM",Colorado,16,222:41,2,3,0,5,22,31,49,9.09,0.54,0.81,0.00,1.35,5.93,8.35,13.20,20.0,30.0,50.0
328,"SUTTER, BRANDON",Carolina,82,1426:38,17,15,12,32,171,232,293,9.94,0.71,0.63,0.50,1.35,7.19,9.76,12.32,39.5,34.9,74.4
329,"ENSTROM, TOBIAS",Winnipeg,62,1476:29,6,27,11,33,94,128,183,6.38,0.24,1.10,0.45,1.34,3.82,5.20,7.44,7.1,32.1,39.3
330,"ELLER, LARS",Montreal,79,1209:35,15,12,10,27,128,181,259,11.72,0.74,0.60,0.50,1.34,6.35,8.98,12.85,39.5,31.6,71.1
331,"CLUTTERBUCK, CAL",Minnesota,74,1210:23,15,12,6,27,161,226,284,9.32,0.74,0.59,0.30,1.34,7.98,11.20,14.08,33.3,26.7,60.0
332,"HAGMAN, NIKLAS",Anaheim,71,1034:59,9,14,10,23,125,183,236,7.20,0.52,0.81,0.58,1.33,7.25,10.61,13.68,25.7,40.0,65.7
333,"SHANNON, RYAN",Tampa Bay,45,541:28,4,8,6,12,46,63,75,8.70,0.44,0.89,0.66,1.33,5.10,6.98,8.31,22.2,44.4,66.7
334,"MALONE, BRAD",Colorado,9,90:23,0,2,2,2,6,10,12,0.00,0.00,1.33,1.33,1.33,3.98,6.64,7.97,0.0,100.0,100.0
335,"LEINO, VILLE",Buffalo,71,1130:34,8,17,8,25,78,120,165,10.26,0.42,0.90,0.42,1.33,4.14,6.37,8.76,19.5,41.5,61.0
336,"BURMISTROV, ALEXANDER",Winnipeg,76,1266:21,13,15,7,28,123,180,231,10.57,0.62,0.71,0.33,1.33,5.83,8.53,10.94,23.6,27.3,50.9
337,"KULIKOV, DMITRY",Florida,58,1267:38,4,24,13,28,104,165,243,3.85,0.19,1.14,0.62,1.33,4.92,7.81,11.50,6.5,38.7,45.2
338,"ABDELKADER, JUSTIN",Detroit,81,997:27,8,14,12,22,121,158,196,6.61,0.48,0.84,0.72,1.32,7.28,9.50,11.79,23.5,41.2,64.7
339,"SMITH-PELLY, DEVANTE",Anaheim,49,590:09,7,6,3,13,66,95,118,10.61,0.71,0.61,0.30,1.32,6.71,9.66,12.00,38.9,33.3,72.2
340,"MATTHIAS, SHAWN",Florida,79,1090:58,10,14,11,24,133,168,202,7.52,0.55,0.77,0.60,1.32,7.31,9.24,11.11,27.0,37.8,64.9
341,"SUTER, RYAN",Nashville,79,2093:55,7,39,20,46,134,180,242,5.22,0.20,1.12,0.57,1.32,3.84,5.16,6.93,5.9,33.1,39.0
342,"PORTER, KEVIN",Colorado,35,321:23,4,3,1,7,32,38,50,12.50,0.75,0.56,0.19,1.31,5.97,7.09,9.33,44.4,33.3,77.8
343,"HECHT, JOCHEN",Buffalo,22,370:16,4,4,3,8,40,55,69,10.00,0.65,0.65,0.49,1.30,6.48,8.91,11.18,28.6,28.6,57.1
344,"COGLIANO, ANDREW",Anaheim,82,1204:53,13,13,9,26,115,157,207,11.30,0.65,0.65,0.45,1.29,5.73,7.82,10.31,27.1,27.1,54.2
345,"BABCHUK, ANTON",Calgary,32,463:39,2,8,5,10,48,74,124,4.17,0.26,1.04,0.65,1.29,6.21,9.58,16.05,8.7,34.8,43.5
346,"BOEDKER, MIKKEL",Arizona,82,1118:24,11,13,9,24,86,127,174,12.79,0.59,0.70,0.48,1.29,4.61,6.81,9.33,30.6,36.1,66.7
347,"HORCOFF, SHAWN",Edmonton,81,1586:26,13,21,13,34,122,183,222,10.66,0.49,0.79,0.49,1.29,4.61,6.92,8.40,18.6,30.0,48.6
348,"LOMBARDI, MATTHEW",Toronto,62,841:11,8,10,7,18,101,126,153,7.92,0.57,0.71,0.50,1.28,7.20,8.99,10.91,29.6,37.0,66.7
349,"WANDELL, TOM",Dallas,72,701:06,6,9,6,15,103,140,182,5.83,0.51,0.77,0.51,1.28,8.81,11.98,15.58,31.6,47.4,78.9
350,"WALLACE, TIM",Tampa Bay,49,421:11,3,6,4,9,26,32,48,11.54,0.43,0.85,0.57,1.28,3.70,4.56,6.84,27.3,54.5,81.8
351,"WOYWITKA, JEFF",NY Rangers,27,281:05,1,5,2,6,13,18,34,7.69,0.21,1.07,0.43,1.28,2.77,3.84,7.26,12.5,62.5,75.0
352,"LEBLANC, LOUIS",Montreal,42,470:19,5,5,3,10,58,79,97,8.62,0.64,0.64,0.38,1.28,7.40,10.08,12.37,31.2,31.2,62.5
353,"PHANEUF, DION",Toronto,82,2073:43,12,32,14,44,202,293,424,5.94,0.35,0.93,0.41,1.27,5.84,8.48,12.27,12.0,32.0,44.0
354,"MOEN, TRAVIS",Montreal,48,754:22,9,7,5,16,45,69,82,20.00,0.72,0.56,0.40,1.27,3.58,5.49,6.52,37.5,29.2,66.7
355,"PYATT, TAYLOR",Arizona,73,899:23,9,10,5,19,111,144,181,8.11,0.60,0.67,0.33,1.27,7.41,9.61,12.07,29.0,32.3,61.3
356,"MORRISON, BRENDAN",Chicago,39,520:46,4,7,5,11,43,56,71,9.30,0.46,0.81,0.58,1.27,4.95,6.45,8.18,23.5,41.2,64.7
357,"ZOLNIERCZYK, HARRY",Philadelphia,37,285:04,3,3,2,6,49,67,81,6.12,0.63,0.63,0.42,1.26,10.31,14.10,17.05,37.5,37.5,75.0
358,"EHRHOFF, CHRISTIAN",Buffalo,66,1520:42,5,27,12,32,136,207,303,3.68,0.20,1.07,0.47,1.26,5.37,8.17,11.96,5.8,31.4,37.2
359,"CONDRA, ERIK",Ottawa,81,1147:20,8,16,11,24,139,188,236,5.76,0.42,0.84,0.58,1.26,7.27,9.83,12.34,19.0,38.1,57.1
360,"BELESKEY, MATT",Anaheim,70,718:33,4,11,6,15,75,111,156,5.33,0.33,0.92,0.50,1.25,6.26,9.27,13.03,16.0,44.0,60.0
#,Player Name,Team,GP,TOI,G,A,FirstA,Points,Shots,iFenwick,iCorsi,Sh%,G/60,A/60,FirstA/60,Points/60,Shots/60,iFenwick/60,iCorsi/60,IGP,IAP,IPP
361,"BOYLE, BRIAN",NY Rangers,82,1249:31,11,15,9,26,165,232,301,6.67,0.53,0.72,0.43,1.25,7.92,11.14,14.45,23.9,32.6,56.5
362,"NYSTROM, ERIC",Dallas,74,1017:01,16,5,3,21,102,145,187,15.69,0.94,0.29,0.18,1.24,6.02,8.55,11.03,57.1,17.9,75.0
363,"LAPIERRE, MAXIM",Vancouver,82,920:32,9,10,5,19,103,133,168,8.74,0.59,0.65,0.33,1.24,6.71,8.67,10.95,34.6,38.5,73.1
364,"VINCOUR, TOMAS",Dallas,47,485:29,4,6,4,10,65,94,123,6.15,0.49,0.74,0.49,1.24,8.03,11.62,15.20,33.3,50.0,83.3
365,"GOMEZ, SCOTT",Montreal,38,537:05,2,9,8,11,59,85,116,3.39,0.22,1.01,0.89,1.23,6.59,9.50,12.96,10.5,47.4,57.9
366,"LIDSTROM, NICKLAS",Detroit,70,1663:57,11,23,10,34,148,217,311,7.43,0.40,0.83,0.36,1.23,5.34,7.82,11.21,11.1,23.2,34.3
367,"LEDDY, NICK",Chicago,82,1810:46,3,34,14,37,94,129,201,3.19,0.10,1.13,0.46,1.23,3.11,4.27,6.66,3.8,42.5,46.2
368,"RAU, CHAD",Minnesota,9,98:00,2,0,0,2,7,10,12,28.57,1.22,0.00,0.00,1.22,4.29,6.12,7.35,100.0,0.0,100.0
369,"MCLEOD, CODY",Colorado,75,539:33,6,5,1,11,62,87,105,9.68,0.67,0.56,0.11,1.22,6.89,9.67,11.68,35.3,29.4,64.7
370,"MOORE, DOMINIC",San Jose,79,1227:11,4,21,12,25,103,145,197,3.88,0.20,1.03,0.59,1.22,5.04,7.09,9.63,11.1,58.3,69.4
371,"KOBASEW, CHUCK",Colorado,58,687:13,7,7,6,14,65,84,113,10.77,0.61,0.61,0.52,1.22,5.68,7.33,9.87,35.0,35.0,70.0
372,"FRATTIN, MATT",Toronto,56,737:15,8,7,7,15,92,139,181,8.70,0.65,0.57,0.57,1.22,7.49,11.31,14.73,25.8,22.6,48.4
373,"GAUSTAD, PAUL",Nashville,70,1033:42,7,14,9,21,75,103,127,9.33,0.41,0.81,0.52,1.22,4.35,5.98,7.37,22.6,45.2,67.7
374,"SPACEK, JAROSLAV",Carolina,46,739:51,5,10,7,15,42,61,101,11.90,0.41,0.81,0.57,1.22,3.41,4.95,8.19,13.9,27.8,41.7
375,"BURNS, BRENT",San Jose,81,1825:39,11,26,14,37,201,302,464,5.47,0.36,0.85,0.46,1.22,6.61,9.93,15.25,13.1,31.0,44.0
376,"MACKENZIE, DEREK",Columbus,66,693:04,7,7,3,14,61,79,94,11.48,0.61,0.61,0.26,1.21,5.28,6.84,8.14,35.0,35.0,70.0
377,"DVORAK, RADEK",Dallas,73,1041:18,4,17,12,21,83,125,163,4.82,0.23,0.98,0.69,1.21,4.78,7.20,9.39,13.3,56.7,70.0
378,"FEDOTENKO, RUSLAN",NY Rangers,73,992:32,9,11,6,20,94,131,166,9.57,0.54,0.67,0.36,1.21,5.68,7.92,10.03,27.3,33.3,60.6
379,"CARLE, MATT",Philadelphia,82,1887:41,4,34,15,38,132,180,292,3.03,0.13,1.08,0.48,1.21,4.20,5.72,9.28,4.3,37.0,41.3
380,"KASSIAN, ZACK",Vancouver,44,496:58,4,6,5,10,54,73,99,7.41,0.48,0.72,0.60,1.21,6.52,8.81,11.95,25.0,37.5,62.5
381,"MITCHELL, TORREY",San Jose,76,945:06,9,10,5,19,100,131,175,9.00,0.57,0.63,0.32,1.21,6.35,8.32,11.11,29.0,32.3,61.3
382,"KEITH, DUNCAN",Chicago,74,1990:12,4,36,17,40,162,252,378,2.47,0.12,1.09,0.51,1.21,4.88,7.60,11.40,3.5,31.9,35.4
383,"MOSS, DAVID",Calgary,32,448:27,2,7,3,9,82,110,136,2.44,0.27,0.94,0.40,1.20,10.97,14.72,18.20,14.3,50.0,64.3
384,"VOYNOV, SLAVA",Los Angeles,54,1000:52,8,12,8,20,86,137,216,9.30,0.48,0.72,0.48,1.20,5.16,8.21,12.95,16.3,24.5,40.8
385,"DADONOV, EVGENY",Florida,15,150:44,2,1,1,3,21,28,29,9.52,0.80,0.40,0.40,1.19,8.36,11.15,11.54,40.0,20.0,60.0
386,"STRALMAN, ANTON",NY Rangers,53,906:29,2,16,8,18,55,73,110,3.64,0.13,1.06,0.53,1.19,3.64,4.83,7.28,4.9,39.0,43.9
387,"WARD, JOEL",Washington,73,907:17,6,12,6,18,79,103,142,7.59,0.40,0.79,0.40,1.19,5.22,6.81,9.39,18.2,36.4,54.5
388,"WINGELS, TOMMY",San Jose,33,453:41,3,6,3,9,71,100,125,4.23,0.40,0.79,0.40,1.19,9.39,13.23,16.53,25.0,50.0,75.0
389,"BOGOSIAN, ZACH",Winnipeg,65,1515:33,5,25,11,30,150,239,349,3.33,0.20,0.99,0.44,1.19,5.94,9.46,13.82,7.6,37.9,45.5
390,"PARSE, SCOTT",Los Angeles,9,101:31,2,0,0,2,9,12,13,22.22,1.18,0.00,0.00,1.18,5.32,7.09,7.68,66.7,0.0,66.7
391,"DALPE, ZAC",Carolina,16,153:21,1,2,2,3,20,30,36,5.00,0.39,0.78,0.78,1.17,7.83,11.74,14.09,16.7,33.3,50.0
392,"MESZAROS, ANDREJ",Philadelphia,62,1281:12,7,18,11,25,114,156,239,6.14,0.33,0.84,0.52,1.17,5.34,7.31,11.19,11.1,28.6,39.7
393,"JOHNSON, JACK",Columbus,82,1949:09,12,26,13,38,176,248,350,6.82,0.37,0.80,0.40,1.17,5.42,7.63,10.77,14.8,32.1,46.9
394,"SAVARD, DAVID",Columbus,31,513:34,2,8,2,10,34,44,70,5.88,0.23,0.93,0.23,1.17,3.97,5.14,8.18,9.5,38.1,47.6
395,"ADAMS, CRAIG",Pittsburgh,82,925:21,5,13,8,18,76,103,130,6.58,0.32,0.84,0.52,1.17,4.93,6.68,8.43,20.0,52.0,72.0
396,"ELLIOTT, STEFAN",Colorado,39,668:32,4,9,4,13,84,104,172,4.76,0.36,0.81,0.36,1.17,7.54,9.33,15.44,12.9,29.0,41.9
397,"HAMHUIS, DAN",Vancouver,82,1921:11,4,33,16,37,140,209,333,2.86,0.12,1.03,0.50,1.16,4.37,6.53,10.40,3.9,32.4,36.3
398,"GORDON, BOYD",Arizona,75,1194:22,8,15,8,23,114,137,171,7.02,0.40,0.75,0.40,1.16,5.73,6.88,8.59,21.1,39.5,60.5
399,"CONNOLLY, BRETT",Tampa Bay,68,780:03,4,11,4,15,94,129,156,4.26,0.31,0.85,0.31,1.15,7.23,9.92,12.00,14.3,39.3,53.6
400,"GIORDANO, MARK",Calgary,61,1404:14,9,18,10,27,125,169,271,7.20,0.38,0.77,0.43,1.15,5.34,7.22,11.58,13.2,26.5,39.7
#,Player Name,Team,GP,TOI,G,A,FirstA,Points,Shots,iFenwick,iCorsi,Sh%,G/60,A/60,FirstA/60,Points/60,Shots/60,iFenwick/60,iCorsi/60,IGP,IAP,IPP
401,"WEBER, YANNICK",Montreal,60,937:08,4,14,7,18,88,121,198,4.55,0.26,0.90,0.45,1.15,5.63,7.75,12.68,10.8,37.8,48.6
402,"KRONWALL, NIKLAS",Detroit,82,1874:57,15,21,5,36,141,190,281,10.64,0.48,0.67,0.16,1.15,4.51,6.08,8.99,17.2,24.1,41.4
403,"LILES, JOHN-MICHAEL",Toronto,66,1409:02,7,20,10,27,106,152,238,6.60,0.30,0.85,0.43,1.15,4.51,6.47,10.13,10.4,29.9,40.3
404,"WINCHESTER, BRAD",San Jose,67,523:06,6,4,3,10,72,90,111,8.33,0.69,0.46,0.34,1.15,8.26,10.32,12.73,54.5,36.4,90.9
405,"VISNOVSKY, LUBOMIR",Anaheim,68,1413:36,6,21,8,27,112,161,243,5.36,0.25,0.89,0.34,1.15,4.75,6.83,10.31,8.6,30.0,38.6
406,"JEFFREY, DUSTIN",Pittsburgh,26,314:48,4,2,1,6,33,45,61,12.12,0.76,0.38,0.19,1.14,6.29,8.58,11.63,40.0,20.0,60.0
407,"WILSON, RYAN",Colorado,59,1105:19,1,20,12,21,63,95,151,1.59,0.05,1.09,0.65,1.14,3.42,5.16,8.20,2.0,39.2,41.2
408,"FERRIERO, BENN",San Jose,35,421:41,7,1,0,8,68,83,108,10.29,1.00,0.14,0.00,1.14,9.68,11.81,15.37,58.3,8.3,66.7
409,"NASH, RILEY",Carolina,5,52:52,0,1,1,1,2,6,6,0.00,0.00,1.13,1.13,1.13,2.27,6.81,6.81,0.0,33.3,33.3
410,"PAILLE, DANIEL",Boston,69,793:13,9,6,4,15,85,112,135,10.59,0.68,0.45,0.30,1.13,6.43,8.47,10.21,40.9,27.3,68.2
411,"MAYERS, JAMAL",Chicago,81,793:55,6,9,6,15,70,104,121,8.57,0.45,0.68,0.45,1.13,5.29,7.86,9.14,28.6,42.9,71.4
412,"BLAKE, JASON",Anaheim,45,636:25,7,5,3,12,109,151,179,6.42,0.66,0.47,0.28,1.13,10.28,14.24,16.88,38.9,27.8,66.7
413,"KUBALIK, TOMAS",Columbus,8,106:22,1,1,0,2,8,12,15,12.50,0.56,0.56,0.00,1.13,4.51,6.77,8.46,33.3,33.3,66.7
414,"DOUGHTY, DREW",Los Angeles,77,1917:15,10,26,15,36,168,247,356,5.95,0.31,0.81,0.47,1.13,5.26,7.73,11.14,13.3,34.7,48.0
415,"ORLOV, DMITRY",Washington,60,1012:29,3,16,7,19,51,78,112,5.88,0.18,0.95,0.41,1.13,3.02,4.62,6.64,7.7,41.0,48.7
416,"MAYOROV, MAXIM",Columbus,10,106:39,1,1,1,2,9,9,9,11.11,0.56,0.56,0.56,1.13,5.06,5.06,5.06,50.0,50.0,100.0
417,"YIP, BRANDON",Nashville,35,373:44,3,4,3,7,41,55,65,7.32,0.48,0.64,0.48,1.12,6.58,8.83,10.44,23.1,30.8,53.8
418,"LEE, BRIAN",Tampa Bay,55,854:24,1,15,6,16,32,63,87,3.12,0.07,1.05,0.42,1.12,2.25,4.42,6.11,3.4,51.7,55.2
419,"SULZER, ALEXANDER",Buffalo,27,481:14,3,6,3,9,33,47,79,9.09,0.37,0.75,0.37,1.12,4.11,5.86,9.85,11.5,23.1,34.6
420,"WHITNEY, RYAN",Edmonton,51,1069:53,3,17,8,20,41,66,110,7.32,0.17,0.95,0.45,1.12,2.30,3.70,6.17,7.3,41.5,48.8
421,"MALHOTRA, MANNY",Vancouver,78,963:00,7,11,4,18,60,79,104,11.67,0.44,0.69,0.25,1.12,3.74,4.92,6.48,25.0,39.3,64.3
422,"DA_COSTA, STEPHANE",Ottawa,22,267:31,3,2,2,5,31,48,63,9.68,0.67,0.45,0.45,1.12,6.95,10.77,14.13,30.0,20.0,50.0
423,"MYERS, TYLER",Buffalo,55,1235:58,8,15,10,23,84,131,190,9.52,0.39,0.73,0.49,1.12,4.08,6.36,9.22,14.5,27.3,41.8
424,"KUBA, FILIP",Ottawa,73,1723:48,6,26,8,32,78,115,193,7.69,0.21,0.91,0.28,1.11,2.71,4.00,6.72,5.9,25.7,31.7
425,"GOLIGOSKI, ALEX",Dallas,71,1616:46,9,21,13,30,140,225,338,6.43,0.33,0.78,0.48,1.11,5.20,8.35,12.54,12.0,28.0,40.0
426,"GARDINER, JAKE",Toronto,75,1618:51,7,23,13,30,79,134,207,8.86,0.26,0.85,0.48,1.11,2.93,4.97,7.67,8.4,27.7,36.1
427,"FROLIK, MICHAEL",Chicago,63,811:01,5,10,7,15,117,159,224,4.27,0.37,0.74,0.52,1.11,8.66,11.76,16.57,26.3,52.6,78.9
428,"VITALE, JOE",Pittsburgh,68,760:10,4,10,6,14,70,98,122,5.71,0.32,0.79,0.47,1.10,5.53,7.74,9.63,20.0,50.0,70.0
429,"HALPERN, JEFF",Washington,69,869:57,4,12,7,16,63,82,104,6.35,0.28,0.83,0.48,1.10,4.35,5.66,7.17,17.4,52.2,69.6
430,"FIDDLER, VERNON",Dallas,82,1145:42,8,13,7,21,123,173,214,6.50,0.42,0.68,0.37,1.10,6.44,9.06,11.21,28.6,46.4,75.0
431,"SUBBAN, P.K.",Montreal,81,1967:10,7,29,15,36,205,287,400,3.41,0.21,0.88,0.46,1.10,6.25,8.75,12.20,7.2,29.9,37.1
432,"TYRELL, DANA",Tampa Bay,26,273:23,0,5,3,5,23,33,41,0.00,0.00,1.10,0.66,1.10,5.05,7.24,9.00,0.0,83.3,83.3
433,"PENNER, DUSTIN",Los Angeles,65,930:51,7,10,7,17,119,174,216,5.88,0.45,0.64,0.45,1.10,7.67,11.22,13.92,28.0,40.0,68.0
434,"SLATER, JIM",Winnipeg,78,1150:57,13,8,6,21,118,157,181,11.02,0.68,0.42,0.31,1.09,6.15,8.18,9.44,39.4,24.2,63.6
435,"HUNTER, TRENT",Los Angeles,38,383:45,2,5,3,7,51,71,90,3.92,0.31,0.78,0.47,1.09,7.97,11.10,14.07,20.0,50.0,70.0
436,"MONTADOR, STEVE",Chicago,52,767:31,5,9,3,14,57,80,113,8.77,0.39,0.70,0.23,1.09,4.46,6.25,8.83,12.2,22.0,34.1
437,"RINALDO, ZAC",Philadelphia,66,493:37,2,7,5,9,54,71,94,3.70,0.24,0.85,0.61,1.09,6.56,8.63,11.43,11.1,38.9,50.0
438,"O_BRIEN, JIM",Ottawa,28,329:09,3,3,2,6,37,48,68,8.11,0.55,0.55,0.36,1.09,6.74,8.75,12.40,21.4,21.4,42.9
439,"GERVAIS, BRUNO",Tampa Bay,50,713:22,6,7,4,13,57,81,117,10.53,0.50,0.59,0.34,1.09,4.79,6.81,9.84,20.7,24.1,44.8
440,"SPALING, NICK",Nashville,77,1209:39,10,12,5,22,107,139,164,9.35,0.50,0.60,0.25,1.09,5.31,6.89,8.13,26.3,31.6,57.9
#,Player Name,Team,GP,TOI,G,A,FirstA,Points,Shots,iFenwick,iCorsi,Sh%,G/60,A/60,FirstA/60,Points/60,Shots/60,iFenwick/60,iCorsi/60,IGP,IAP,IPP
441,"SKILLE, JACK",Florida,46,550:26,4,6,6,10,75,104,133,5.33,0.44,0.65,0.65,1.09,8.18,11.34,14.50,33.3,50.0,83.3
442,"JOSEFSON, JACOB",New Jersey,41,496:03,2,7,4,9,37,50,59,5.41,0.24,0.85,0.48,1.09,4.48,6.05,7.14,13.3,46.7,60.0
443,"HUSKINS, KENT",St. Louis,25,386:42,2,5,0,7,16,26,40,12.50,0.31,0.78,0.00,1.09,2.48,4.03,6.21,11.8,29.4,41.2
444,"WHITE, IAN",Detroit,77,1769:38,7,25,10,32,196,283,404,3.57,0.24,0.85,0.34,1.08,6.65,9.60,13.70,7.2,25.8,33.0
445,"GARRISON, JASON",Florida,77,1824:50,16,17,8,33,168,246,350,9.52,0.53,0.56,0.26,1.08,5.52,8.09,11.51,22.2,23.6,45.8
446,"PICARD, ALEXANDRE",Pittsburgh,17,222:34,0,4,2,4,10,13,19,0.00,0.00,1.08,0.54,1.08,2.70,3.50,5.12,0.0,30.8,30.8
447,"MCBAIN, JAMIE",Carolina,76,1503:46,8,19,11,27,127,184,292,6.30,0.32,0.76,0.44,1.08,5.07,7.34,11.65,10.8,25.7,36.5
448,"MCNABB, BRAYDEN",Buffalo,25,445:58,1,7,2,8,23,33,52,4.35,0.13,0.94,0.27,1.08,3.09,4.44,7.00,6.2,43.8,50.0
449,"CARLSON, JOHN",Washington,82,1790:54,9,23,9,32,152,215,303,5.92,0.30,0.77,0.30,1.07,5.09,7.20,10.15,12.3,31.5,43.8
450,"BYRON, PAUL",Calgary,22,225:04,2,2,1,4,12,15,20,16.67,0.53,0.53,0.27,1.07,3.20,4.00,5.33,33.3,33.3,66.7
451,"CORVO, JOE",Boston,75,1410:44,4,21,13,25,168,231,337,2.38,0.17,0.89,0.55,1.06,7.15,9.82,14.33,5.0,26.2,31.2
452,"SALO, SAMI",Vancouver,69,1410:54,9,16,8,25,136,190,282,6.62,0.38,0.68,0.34,1.06,5.78,8.08,11.99,12.5,22.2,34.7
453,"BOURQUE, RENE",Montreal,76,1354:50,18,6,3,24,159,222,319,11.32,0.80,0.27,0.13,1.06,7.04,9.83,14.13,40.0,13.3,53.3
454,"DREWISKE, DAVIS",Los Angeles,9,113:05,2,0,0,2,11,13,22,18.18,1.06,0.00,0.00,1.06,5.84,6.90,11.67,100.0,0.0,100.0
455,"HORAK, ROMAN",Calgary,61,622:02,3,8,5,11,53,70,88,5.66,0.29,0.77,0.48,1.06,5.11,6.75,8.49,14.3,38.1,52.4
456,"DORSETT, DEREK",Columbus,77,1131:24,12,8,6,20,137,174,207,8.76,0.64,0.42,0.32,1.06,7.27,9.23,10.98,36.4,24.2,60.6
457,"EKMAN-LARSSON, OLIVER",Arizona,82,1813:00,13,19,8,32,147,221,333,8.84,0.43,0.63,0.26,1.06,4.86,7.31,11.02,17.6,25.7,43.2
458,"FERENCE, ANDREW",Boston,72,1359:57,6,18,7,24,107,156,231,5.61,0.26,0.79,0.31,1.06,4.72,6.88,10.19,9.8,29.5,39.3
459,"DOWELL, JAKE",Dallas,52,396:55,2,5,4,7,39,53,69,5.13,0.30,0.76,0.60,1.06,5.90,8.01,10.43,20.0,50.0,70.0
460,"SEABROOK, BRENT",Chicago,78,1928:31,9,25,8,34,156,216,304,5.77,0.28,0.78,0.25,1.06,4.85,6.72,9.46,8.9,24.8,33.7
461,"BACKLUND, MIKAEL",Calgary,41,630:43,4,7,3,11,85,113,139,4.71,0.38,0.67,0.29,1.05,8.09,10.75,13.22,22.2,38.9,61.1
462,"PALMIERI, NICK",Minnesota,38,402:10,4,3,1,7,55,75,85,7.27,0.60,0.45,0.15,1.04,8.21,11.19,12.68,40.0,30.0,70.0
463,"PALUSHAJ, AARON",Montreal,38,287:31,1,4,1,5,37,51,70,2.70,0.21,0.83,0.21,1.04,7.72,10.64,14.61,12.5,50.0,62.5
464,"EMMERTON, CORY",Detroit,71,575:12,6,4,2,10,63,84,103,9.52,0.63,0.42,0.21,1.04,6.57,8.76,10.74,37.5,25.0,62.5
465,"SCHENN, LUKE",Toronto,79,1266:47,2,20,8,22,81,126,189,2.47,0.09,0.95,0.38,1.04,3.84,5.97,8.95,3.6,35.7,39.3
466,"PRUST, BRANDON",NY Rangers,82,979:22,5,12,7,17,68,90,108,7.35,0.31,0.74,0.43,1.04,4.17,5.51,6.62,17.9,42.9,60.7
467,"PYATT, TOM",Tampa Bay,74,1094:47,12,7,4,19,95,121,142,12.63,0.66,0.38,0.22,1.04,5.21,6.63,7.78,42.9,25.0,67.9
468,"JOHNSON, AARON",Columbus,56,924:24,3,13,6,16,63,89,118,4.76,0.19,0.84,0.39,1.04,4.09,5.78,7.66,8.6,37.1,45.7
469,"SOBOTKA, VLADIMIR",St. Louis,73,1156:34,5,15,10,20,117,169,211,4.27,0.26,0.78,0.52,1.04,6.07,8.77,10.95,13.5,40.5,54.1
470,"FOSTER, KURTIS",Minnesota,51,810:31,4,10,1,14,85,110,156,4.71,0.30,0.74,0.07,1.04,6.29,8.14,11.55,9.5,23.8,33.3
471,"JOHNSON, ERIK",Colorado,73,1521:24,4,22,13,26,155,208,308,2.58,0.16,0.87,0.51,1.03,6.11,8.20,12.15,5.7,31.4,37.1
472,"GILROY, MATT",Ottawa,67,1172:58,3,17,7,20,80,106,161,3.75,0.15,0.87,0.36,1.02,4.09,5.42,8.24,5.7,32.1,37.7
473,"POTTER, COREY",Edmonton,62,1237:31,4,17,9,21,98,142,216,4.08,0.19,0.82,0.44,1.02,4.75,6.88,10.47,7.3,30.9,38.2
474,"KNUBLE, MIKE",Washington,72,1003:51,5,12,6,17,90,129,156,5.56,0.30,0.72,0.36,1.02,5.38,7.71,9.32,18.5,44.4,63.0
475,"BICKEL, STU",NY Rangers,51,532:25,0,9,6,9,22,41,55,0.00,0.00,1.01,0.68,1.01,2.48,4.62,6.20,0.0,42.9,42.9
476,"KINDL, JAKUB",Detroit,55,772:57,1,12,7,13,69,90,119,1.45,0.08,0.93,0.54,1.01,5.36,6.99,9.24,3.3,40.0,43.3
477,"PETERSEN, TOBY",Dallas,39,298:35,2,3,1,5,44,67,75,4.55,0.40,0.60,0.20,1.00,8.84,13.46,15.07,40.0,60.0,100.0
478,"SBISA, LUCA",Anaheim,80,1434:21,5,19,7,24,88,136,211,5.68,0.21,0.79,0.29,1.00,3.68,5.69,8.83,9.8,37.3,47.1
479,"JOSI, ROMAN",Nashville,52,956:19,5,11,5,16,64,92,131,7.81,0.31,0.69,0.31,1.00,4.02,5.77,8.22,13.2,28.9,42.1
480,"GALIARDI, T.J.",San Jose,69,900:21,9,6,2,15,113,152,198,7.96,0.60,0.40,0.13,1.00,7.53,10.13,13.19,42.9,28.6,71.4
#,Player Name,Team,GP,TOI,G,A,FirstA,Points,Shots,iFenwick,iCorsi,Sh%,G/60,A/60,FirstA/60,Points/60,Shots/60,iFenwick/60,iCorsi/60,IGP,IAP,IPP
481,"O_REILLY, CAL",Pittsburgh,33,421:07,2,5,4,7,17,24,33,11.76,0.28,0.71,0.57,1.00,2.42,3.42,4.70,18.2,45.5,63.6
482,"STONE, MICHAEL",Arizona,13,180:29,1,2,2,3,13,20,25,7.69,0.33,0.66,0.66,1.00,4.32,6.65,8.31,10.0,20.0,30.0
483,"QUINCEY, KYLE",Detroit,72,1573:54,7,19,6,26,168,221,336,4.17,0.27,0.72,0.23,0.99,6.40,8.42,12.81,9.6,26.0,35.6
484,"GRACHEV, EVGENY",St. Louis,26,242:41,1,3,1,4,14,19,23,7.14,0.25,0.74,0.25,0.99,3.46,4.70,5.69,16.7,50.0,66.7
485,"NOLAN, JORDAN",Los Angeles,26,243:03,2,2,2,4,19,29,32,10.53,0.49,0.49,0.49,0.99,4.69,7.16,7.90,33.3,33.3,66.7
486,"WINNIK, DANIEL",San Jose,84,1402:13,8,15,7,23,184,249,306,4.35,0.34,0.64,0.30,0.98,7.87,10.65,13.09,22.2,41.7,63.9
487,"JONES, BLAIR",Calgary,43,488:25,3,5,3,8,58,74,90,5.17,0.37,0.61,0.37,0.98,7.13,9.09,11.06,27.3,45.5,72.7
488,"ZIDLICKY, MAREK",New Jersey,63,1343:54,2,20,13,22,70,97,159,2.86,0.09,0.89,0.58,0.98,3.13,4.33,7.10,3.2,31.7,34.9
489,"BRADLEY, MATT",Florida,45,489:19,3,5,1,8,35,41,61,8.57,0.37,0.61,0.12,0.98,4.29,5.03,7.48,21.4,35.7,57.1
490,"THOMAS, BILL",Florida,7,61:11,1,0,0,1,9,11,17,11.11,0.98,0.00,0.00,0.98,8.83,10.79,16.67,100.0,0.0,100.0
491,"HEDMAN, VICTOR",Tampa Bay,61,1409:04,5,18,9,23,82,124,192,6.10,0.21,0.77,0.38,0.98,3.49,5.28,8.18,7.9,28.6,36.5
492,"TYUTIN, FEDOR",Columbus,66,1593:25,5,21,8,26,124,163,246,4.03,0.19,0.79,0.30,0.98,4.67,6.14,9.26,7.2,30.4,37.7
493,"DARCHE, MATHIEU",Montreal,61,739:52,5,7,3,12,77,103,131,6.49,0.41,0.57,0.24,0.97,6.24,8.35,10.62,29.4,41.2,70.6
494,"STOLL, JARRET",Los Angeles,78,1300:51,6,15,9,21,133,193,249,4.51,0.28,0.69,0.42,0.97,6.13,8.90,11.48,15.8,39.5,55.3
495,"THORNTON, SHAWN",Boston,81,743:49,4,8,7,12,113,151,186,3.54,0.32,0.65,0.56,0.97,9.12,12.18,15.00,25.0,50.0,75.0
496,"MARTIN, PAUL",Pittsburgh,73,1678:51,2,25,12,27,93,127,200,2.15,0.07,0.89,0.43,0.96,3.32,4.54,7.15,2.4,30.5,32.9
497,"SOURAY, SHELDON",Dallas,64,1308:25,6,15,8,21,179,250,354,3.35,0.28,0.69,0.37,0.96,8.21,11.46,16.23,9.7,24.2,33.9
498,"HORDICHUK, DARCY",Edmonton,43,187:03,1,2,2,3,27,31,37,3.70,0.32,0.64,0.64,0.96,8.66,9.94,11.87,33.3,66.7,100.0
499,"CAMPBELL, GREGORY",Boston,78,998:15,8,8,1,16,74,103,131,10.81,0.48,0.48,0.06,0.96,4.45,6.19,7.87,29.6,29.6,59.3
500,"GRAGNANI, MARC-ANDRE",Vancouver,58,936:19,2,13,3,15,47,62,84,4.26,0.13,0.83,0.19,0.96,3.01,3.97,5.38,4.2,27.1,31.2
501,"MARTINEZ, ALEC",Los Angeles,51,750:43,6,6,5,12,78,107,166,7.69,0.48,0.48,0.40,0.96,6.23,8.55,13.27,18.8,18.8,37.5
502,"KLEIN, KEVIN",Nashville,66,1316:07,4,17,9,21,91,121,180,4.40,0.18,0.78,0.41,0.96,4.15,5.52,8.21,10.3,43.6,53.8
503,"OMARK, LINUS",Edmonton,14,188:20,3,0,0,3,24,36,47,12.50,0.96,0.00,0.00,0.96,7.65,11.47,14.97,100.0,0.0,100.0
504,"MURSAK, JAN",Detroit,25,188:55,1,2,0,3,22,31,39,4.55,0.32,0.64,0.00,0.95,6.99,9.85,12.39,25.0,50.0,75.0
505,"CLITSOME, GRANT",Winnipeg,63,1071:12,4,13,5,17,87,130,185,4.60,0.22,0.73,0.28,0.95,4.87,7.28,10.36,11.4,37.1,48.6
506,"MCDONAGH, RYAN",NY Rangers,82,2028:37,7,25,15,32,123,179,239,5.69,0.21,0.74,0.44,0.95,3.64,5.29,7.07,8.4,30.1,38.6
507,"CLIFFORD, KYLE",Los Angeles,81,761:59,5,7,5,12,88,122,146,5.68,0.39,0.55,0.39,0.94,6.93,9.61,11.50,29.4,41.2,70.6
508,"O_SULLIVAN, PATRICK",Arizona,23,254:08,2,2,2,4,34,45,56,5.88,0.47,0.47,0.47,0.94,8.03,10.62,13.22,28.6,28.6,57.1
509,"PETRY, JEFF",Edmonton,73,1588:31,2,23,15,25,111,162,239,1.80,0.08,0.87,0.57,0.94,4.19,6.12,9.03,3.1,35.9,39.1
510,"BRODIE, TJ",Calgary,54,889:52,2,12,3,14,44,61,95,4.55,0.13,0.81,0.20,0.94,2.97,4.11,6.41,5.0,30.0,35.0
511,"SMITH, BEN",Chicago,13,127:34,2,0,0,2,18,20,24,11.11,0.94,0.00,0.00,0.94,8.47,9.41,11.29,40.0,0.0,40.0
512,"BERNIER, STEVE",New Jersey,32,382:52,1,5,4,6,23,27,37,4.35,0.16,0.78,0.63,0.94,3.60,4.23,5.80,6.2,31.2,37.5
513,"COLAIACOVO, CARLO",St. Louis,64,1214:50,2,17,8,19,68,109,180,2.94,0.10,0.84,0.40,0.94,3.36,5.38,8.89,4.0,34.0,38.0
514,"DESPRES, SIMON",Pittsburgh,18,255:58,1,3,1,4,22,33,44,4.55,0.23,0.70,0.23,0.94,5.16,7.74,10.31,9.1,27.3,36.4
515,"NISKANEN, MATT",Pittsburgh,75,1345:25,4,17,5,21,118,181,270,3.39,0.18,0.76,0.22,0.94,5.26,8.07,12.04,5.6,23.9,29.6
516,"PETRELL, LENNART",Edmonton,60,578:00,4,5,5,9,36,49,76,11.11,0.42,0.52,0.52,0.93,3.74,5.09,7.89,36.4,45.5,81.8
517,"HARRISON, JAY",Carolina,72,1479:01,9,14,8,23,128,187,291,7.03,0.37,0.57,0.32,0.93,5.19,7.59,11.81,17.3,26.9,44.2
518,"RUNDBLAD, DAVID",Arizona,30,450:17,1,6,3,7,34,49,87,2.94,0.13,0.80,0.40,0.93,4.53,6.53,11.59,5.6,33.3,38.9
519,"MCCLEMENT, JAY",Colorado,80,1100:13,10,7,4,17,95,129,169,10.53,0.55,0.38,0.22,0.93,5.18,7.04,9.22,34.5,24.1,58.6
520,"VANDERMEER, JIM",San Jose,25,260:22,1,3,0,4,19,26,41,5.26,0.23,0.69,0.00,0.92,4.38,5.99,9.45,20.0,60.0,80.0
#,Player Name,Team,GP,TOI,G,A,FirstA,Points,Shots,iFenwick,iCorsi,Sh%,G/60,A/60,FirstA/60,Points/60,Shots/60,iFenwick/60,iCorsi/60,IGP,IAP,IPP
521,"GLASS, TANNER",Winnipeg,78,1046:02,5,11,6,16,86,110,138,5.81,0.29,0.63,0.34,0.92,4.93,6.31,7.92,19.2,42.3,61.5
522,"ROME, AARON",Vancouver,43,654:44,4,6,3,10,42,70,105,9.52,0.37,0.55,0.27,0.92,3.85,6.41,9.62,19.0,28.6,47.6
523,"SPURGEON, JARED",Minnesota,70,1511:59,3,20,10,23,92,136,192,3.26,0.12,0.79,0.40,0.91,3.65,5.40,7.62,5.7,37.7,43.4
524,"WESTGARTH, KEVIN",Los Angeles,25,131:32,1,1,1,2,13,19,23,7.69,0.46,0.46,0.46,0.91,5.93,8.67,10.49,20.0,20.0,40.0
525,"FOWLER, CAM",Anaheim,82,1907:22,5,24,11,29,123,170,267,4.07,0.16,0.76,0.35,0.91,3.87,5.35,8.40,6.0,28.9,34.9
526,"UPSHALL, SCOTTIE",Florida,26,330:45,2,3,1,5,53,79,96,3.77,0.36,0.54,0.18,0.91,9.61,14.33,17.41,18.2,27.3,45.5
527,"DIAZ, RAPHAEL",Montreal,59,1062:16,3,13,3,16,61,95,167,4.92,0.17,0.73,0.17,0.90,3.45,5.37,9.43,8.3,36.1,44.4
528,"KASSIAN, MATT",Minnesota,24,133:06,2,0,0,2,13,16,19,15.38,0.90,0.00,0.00,0.90,5.86,7.21,8.56,66.7,0.0,66.7
529,"THORBURN, CHRIS",Winnipeg,72,732:34,4,7,6,11,68,95,119,5.88,0.33,0.57,0.49,0.90,5.57,7.78,9.75,22.2,38.9,61.1
530,"DAUGAVINS, KASPARS",Ottawa,65,736:32,5,6,4,11,77,116,149,6.49,0.41,0.49,0.33,0.90,6.27,9.45,12.14,19.2,23.1,42.3
531,"THOMPSON, NATE",Tampa Bay,68,1007:57,9,6,3,15,85,107,135,10.59,0.54,0.36,0.18,0.89,5.06,6.37,8.04,40.9,27.3,68.2
532,"CAMPOLI, CHRIS",Montreal,43,739:38,2,9,2,11,43,62,86,4.65,0.16,0.73,0.16,0.89,3.49,5.03,6.98,7.1,32.1,39.3
533,"PAAJARVI, MAGNUS",Edmonton,41,540:15,2,6,2,8,79,101,129,2.53,0.22,0.67,0.22,0.89,8.77,11.22,14.33,18.2,54.5,72.7
534,"SANTORELLI, MIKE",Florida,60,744:14,9,2,1,11,117,142,178,7.69,0.73,0.16,0.08,0.89,9.43,11.45,14.35,47.4,10.5,57.9
535,"URBOM, ALEXANDER",New Jersey,5,67:59,1,0,0,1,3,5,5,33.33,0.88,0.00,0.00,0.88,2.65,4.41,4.41,20.0,0.0,20.0
536,"SMITH, DEREK",Calgary,47,748:59,2,9,6,11,44,81,107,4.55,0.16,0.72,0.48,0.88,3.52,6.49,8.57,6.9,31.0,37.9
537,"HAMONIC, TRAVIS",NY Islanders,73,1637:12,2,22,6,24,124,189,294,1.61,0.07,0.81,0.22,0.88,4.54,6.93,10.77,2.7,30.1,32.9
538,"GREENE, ANDY",New Jersey,56,1091:45,1,15,7,16,53,85,118,1.89,0.06,0.82,0.38,0.88,2.91,4.67,6.49,2.1,31.2,33.3
539,"REESE, DYLAN",NY Islanders,28,478:23,1,6,2,7,26,42,65,3.85,0.13,0.75,0.25,0.88,3.26,5.27,8.15,4.8,28.6,33.3
540,"DALEY, TREVOR",Dallas,79,1709:52,4,21,10,25,134,196,283,2.99,0.14,0.74,0.35,0.88,4.70,6.88,9.93,5.1,26.9,32.1
541,"KAMPFER, STEVEN",Minnesota,23,342:15,2,3,2,5,20,34,59,10.00,0.35,0.53,0.35,0.88,3.51,5.96,10.34,11.1,16.7,27.8
542,"FAULK, JUSTIN",Carolina,66,1507:43,8,14,5,22,101,150,220,7.92,0.32,0.56,0.20,0.88,4.02,5.97,8.76,13.1,23.0,36.1
543,"COLE, IAN",St. Louis,26,413:40,1,5,0,6,18,34,53,5.56,0.14,0.73,0.00,0.87,2.61,4.93,7.69,6.2,31.2,37.5
544,"BROWN, J.T.",Tampa Bay,5,69:17,0,1,0,1,13,14,24,0.00,0.00,0.87,0.00,0.87,11.26,12.12,20.78,0.0,33.3,33.3
545,"ENGELLAND, DERYK",Pittsburgh,73,1178:50,4,13,5,17,86,125,186,4.65,0.20,0.66,0.25,0.87,4.38,6.36,9.47,8.2,26.5,34.7
546,"WEISE, DALE",Vancouver,68,554:50,4,4,3,8,48,63,82,8.33,0.43,0.43,0.32,0.87,5.19,6.81,8.87,30.8,30.8,61.5
547,"MARTIN, MATT",NY Islanders,80,972:37,7,7,6,14,130,178,210,5.38,0.43,0.43,0.37,0.86,8.02,10.98,12.95,43.8,43.8,87.5
548,"PAHLSSON, SAMUEL",Vancouver,80,1181:53,4,13,8,17,93,133,172,4.30,0.20,0.66,0.41,0.86,4.72,6.75,8.73,12.9,41.9,54.8
549,"PORTER, CHRIS",St. Louis,47,488:28,4,3,1,7,61,78,96,6.56,0.49,0.37,0.12,0.86,7.49,9.58,11.79,30.8,23.1,53.8
550,"LOKTIONOV, ANDREI",Los Angeles,39,488:39,3,4,4,7,60,77,112,5.00,0.37,0.49,0.49,0.86,7.37,9.45,13.75,27.3,36.4,63.6
551,"MCMILLAN, BRANDON",Anaheim,25,280:24,0,4,1,4,26,32,36,0.00,0.00,0.86,0.21,0.86,5.56,6.85,7.70,0.0,50.0,50.0
552,"MITCHELL, WILLIE",Los Angeles,76,1689:26,5,19,6,24,104,159,240,4.81,0.18,0.67,0.21,0.85,3.69,5.65,8.52,8.1,30.6,38.7
553,"NOKELAINEN, PETTERI",Montreal,56,492:52,3,4,4,7,37,51,69,8.11,0.37,0.49,0.49,0.85,4.50,6.21,8.40,33.3,44.4,77.8
554,"TAORMINA, MATT",New Jersey,30,495:05,1,6,3,7,33,41,63,3.03,0.12,0.73,0.36,0.85,4.00,4.97,7.64,5.3,31.6,36.8
555,"BOYCHUK, ZACH",Carolina,16,142:43,0,2,1,2,10,13,20,0.00,0.00,0.84,0.42,0.84,4.20,5.47,8.41,0.0,50.0,50.0
556,"STRACHAN, TYSON",Florida,15,215:12,1,2,1,3,14,24,33,7.14,0.28,0.56,0.28,0.84,3.90,6.69,9.20,16.7,33.3,50.0
557,"BELANGER, ERIC",Edmonton,78,1149:10,4,12,7,16,118,164,217,3.39,0.21,0.63,0.37,0.84,6.16,8.56,11.33,12.1,36.4,48.5
558,"FLOOD, MARK",Winnipeg,33,506:30,3,4,2,7,30,50,77,10.00,0.36,0.47,0.24,0.83,3.55,5.92,9.12,16.7,22.2,38.9
559,"ELLIS, MATT",Buffalo,60,583:06,3,5,1,8,85,113,140,3.53,0.31,0.51,0.10,0.82,8.75,11.63,14.41,20.0,33.3,53.3
560,"O_BRIEN, SHANE",Colorado,76,1460:42,3,17,12,20,114,148,228,2.63,0.12,0.70,0.49,0.82,4.68,6.08,9.37,4.8,27.4,32.3
#,Player Name,Team,GP,TOI,G,A,FirstA,Points,Shots,iFenwick,iCorsi,Sh%,G/60,A/60,FirstA/60,Points/60,Shots/60,iFenwick/60,iCorsi/60,IGP,IAP,IPP
561,"GILBERT, TOM",Minnesota,67,1610:01,3,19,8,22,72,115,176,4.17,0.11,0.71,0.30,0.82,2.68,4.29,6.56,4.8,30.6,35.5
562,"PARROS, GEORGE",Anaheim,46,293:26,1,3,3,4,17,24,29,5.88,0.20,0.61,0.61,0.82,3.48,4.91,5.93,16.7,50.0,66.7
563,"BOUWMEESTER, JAY",Calgary,82,2128:31,5,24,13,29,107,164,240,4.67,0.14,0.68,0.37,0.82,3.02,4.62,6.77,6.7,32.0,38.7
564,"LEOPOLD, JORDAN",Buffalo,79,1767:17,10,14,7,24,110,143,222,9.09,0.34,0.48,0.24,0.81,3.73,4.85,7.54,13.3,18.7,32.0
565,"MOREAU, ETHAN",Los Angeles,28,294:46,1,3,2,4,29,37,53,3.45,0.20,0.61,0.41,0.81,5.90,7.53,10.79,20.0,60.0,80.0
566,"DEMERS, JASON",San Jose,57,960:05,4,9,1,13,73,106,157,5.48,0.25,0.56,0.06,0.81,4.56,6.62,9.81,10.5,23.7,34.2
567,"BOYCE, DARRYL",Columbus,37,369:20,1,4,3,5,25,37,55,4.00,0.16,0.65,0.49,0.81,4.06,6.01,8.94,16.7,66.7,83.3
568,"ROBIDAS, STEPHANE",Dallas,75,1706:07,5,18,8,23,75,118,197,6.67,0.18,0.63,0.28,0.81,2.64,4.15,6.93,7.5,26.9,34.3
569,"GIRARDI, DAN",NY Rangers,82,2152:16,5,24,10,29,122,170,245,4.10,0.14,0.67,0.28,0.81,3.40,4.74,6.83,5.8,27.9,33.7
570,"COBURN, BRAYDON",Philadelphia,81,1785:32,4,20,10,24,113,182,261,3.54,0.13,0.67,0.34,0.81,3.80,6.12,8.77,5.4,27.0,32.4
571,"LARSSON, ADAM",New Jersey,65,1340:16,2,16,8,18,68,93,153,2.94,0.09,0.72,0.36,0.81,3.04,4.16,6.85,3.6,28.6,32.1
572,"BARCH, KRYSTOFER",Florida,51,374:51,2,3,1,5,24,37,43,8.33,0.32,0.48,0.16,0.80,3.84,5.92,6.88,28.6,42.9,71.4
573,"STECKEL, DAVID",Toronto,76,974:55,8,5,2,13,79,110,143,10.13,0.49,0.31,0.12,0.80,4.86,6.77,8.80,34.8,21.7,56.5
574,"MURRAY, ANDREW",San Jose,39,300:29,1,3,2,4,33,45,52,3.03,0.20,0.60,0.40,0.80,6.59,8.99,10.38,11.1,33.3,44.4
575,"COMEAU, BLAKE",Calgary,74,1143:20,5,10,5,15,137,188,283,3.65,0.26,0.52,0.26,0.79,7.19,9.87,14.85,19.2,38.5,57.7
576,"SCHEIFELE, MARK",Winnipeg,7,76:37,1,0,0,1,5,8,12,20.00,0.78,0.00,0.00,0.78,3.92,6.26,9.40,50.0,0.0,50.0
577,"SCHLEMKO, DAVID",Arizona,46,844:18,1,10,3,11,58,81,121,1.72,0.07,0.71,0.21,0.78,4.12,5.76,8.60,2.9,28.6,31.4
578,"TEDENBY, MATTIAS",New Jersey,43,462:17,1,5,4,6,46,53,72,2.17,0.13,0.65,0.52,0.78,5.97,6.88,9.34,10.0,50.0,60.0
579,"GEOFFRION, BLAKE",Montreal,35,386:25,2,3,2,5,29,42,65,6.90,0.31,0.47,0.31,0.78,4.50,6.52,10.09,25.0,37.5,62.5
580,"RUSSELL, KRIS",St. Louis,55,935:43,6,6,3,12,56,77,121,10.71,0.38,0.38,0.19,0.77,3.59,4.94,7.76,15.8,15.8,31.6
581,"MARKOV, ANDREI",Montreal,13,234:06,0,3,2,3,17,22,38,0.00,0.00,0.77,0.51,0.77,4.36,5.64,9.74,0.0,30.0,30.0
582,"MACENAUER, MAXIME",Anaheim,29,313:36,1,3,2,4,14,19,22,7.14,0.19,0.57,0.38,0.77,2.68,3.64,4.21,20.0,60.0,80.0
583,"RUPP, MICHAEL",NY Rangers,60,398:48,4,1,0,5,31,42,49,12.90,0.60,0.15,0.00,0.75,4.66,6.32,7.37,44.4,11.1,55.6
584,"MCGRATTAN, BRIAN",Nashville,30,159:36,0,2,1,2,10,17,21,0.00,0.00,0.75,0.38,0.75,3.76,6.39,7.89,0.0,66.7,66.7
585,"PALMER, JAROD",Minnesota,6,80:02,1,0,0,1,14,16,19,7.14,0.75,0.00,0.00,0.75,10.50,11.99,14.24,50.0,0.0,50.0
586,"ROZSIVAL, MICHAL",Arizona,54,1043:45,1,12,4,13,49,69,109,2.04,0.06,0.69,0.23,0.75,2.82,3.97,6.27,2.6,31.6,34.2
587,"HARROLD, PETER",New Jersey,11,160:38,0,2,1,2,11,14,18,0.00,0.00,0.75,0.37,0.75,4.11,5.23,6.72,0.0,28.6,28.6
588,"GORDON, ANDREW",Anaheim,37,401:38,2,3,2,5,38,58,73,5.26,0.30,0.45,0.30,0.75,5.68,8.66,10.91,40.0,60.0,100.0
589,"PHILLIPS, CHRIS",Ottawa,80,1528:41,5,14,6,19,85,122,190,5.88,0.20,0.55,0.24,0.75,3.34,4.79,7.46,8.2,23.0,31.1
590,"STUART, BRAD",Detroit,81,1705:26,6,15,6,21,96,140,210,6.25,0.21,0.53,0.21,0.74,3.38,4.93,7.39,8.7,21.7,30.4
591,"FRASER, COLIN",Los Angeles,67,652:15,2,6,1,8,54,74,99,3.70,0.18,0.55,0.09,0.74,4.97,6.81,9.11,15.4,46.2,61.5
592,"PROSSER, NATE",Minnesota,51,981:37,1,11,5,12,32,49,79,3.12,0.06,0.67,0.31,0.73,1.96,3.00,4.83,3.4,37.9,41.4
593,"ST-DENIS, FREDERIC",Montreal,17,246:51,1,2,1,3,11,14,26,9.09,0.24,0.49,0.24,0.73,2.67,3.40,6.32,10.0,20.0,30.0
594,"VLASIC, MARC-EDOUARD",San Jose,82,1898:55,4,19,9,23,119,192,287,3.36,0.13,0.60,0.28,0.73,3.76,6.07,9.07,5.5,26.0,31.5
595,"GARBUTT, RYAN",Dallas,20,165:33,2,0,0,2,28,42,53,7.14,0.72,0.00,0.00,0.72,10.15,15.22,19.21,40.0,0.0,40.0
596,"KALETA, PATRICK",Buffalo,63,828:45,5,5,3,10,68,100,129,7.35,0.36,0.36,0.22,0.72,4.92,7.24,9.34,27.8,27.8,55.6
597,"KOSTOPOULOS, TOM",Calgary,81,998:12,4,8,4,12,91,111,147,4.40,0.24,0.48,0.24,0.72,5.47,6.67,8.84,17.4,34.8,52.2
598,"O_MARRA, RYAN",Anaheim,9,83:30,0,1,0,1,7,8,8,0.00,0.00,0.72,0.00,0.72,5.03,5.75,5.75,0.0,100.0,100.0
599,"SEIDENBERG, DENNIS",Boston,80,1923:08,5,18,7,23,174,238,349,2.87,0.16,0.56,0.22,0.72,5.43,7.43,10.89,5.4,19.4,24.7
600,"GUENIN, NATE",Anaheim,15,167:17,2,0,0,2,5,8,15,40.00,0.72,0.00,0.00,0.72,1.79,2.87,5.38,22.2,0.0,22.2
#,Player Name,Team,GP,TOI,G,A,FirstA,Points,Shots,iFenwick,iCorsi,Sh%,G/60,A/60,FirstA/60,Points/60,Shots/60,iFenwick/60,iCorsi/60,IGP,IAP,IPP
601,"JAFFRAY, JASON",Winnipeg,13,84:33,0,1,0,1,10,10,12,0.00,0.00,0.71,0.00,0.71,7.10,7.10,8.52,0.0,100.0,100.0
602,"BLUM, JONATHON",Nashville,33,591:58,3,4,1,7,25,36,58,12.00,0.30,0.41,0.10,0.71,2.53,3.65,5.88,16.7,22.2,38.9
603,"JOVANOVSKI, ED",Florida,66,1101:51,3,10,5,13,58,81,124,5.17,0.16,0.54,0.27,0.71,3.16,4.41,6.75,8.6,28.6,37.1
604,"KLINKHAMMER, ROB",Ottawa,15,171:54,0,2,1,2,26,39,46,0.00,0.00,0.70,0.35,0.70,9.07,13.61,16.06,0.0,50.0,50.0
605,"KONOPKA, ZENON",Ottawa,55,431:29,3,2,1,5,34,45,53,8.82,0.42,0.28,0.14,0.70,4.73,6.26,7.37,33.3,22.2,55.6
606,"SUTTON, ANDY",Edmonton,52,866:48,3,7,3,10,41,56,78,7.32,0.21,0.48,0.21,0.69,2.84,3.88,5.40,10.3,24.1,34.5
607,"GUNNARSSON, CARL",Toronto,76,1649:26,4,15,4,19,89,124,199,4.49,0.15,0.55,0.15,0.69,3.24,4.51,7.24,6.6,24.6,31.1
608,"SUMMERS, CHRIS",Arizona,21,261:29,0,3,1,3,10,16,33,0.00,0.00,0.69,0.23,0.69,2.29,3.67,7.57,0.0,37.5,37.5
609,"NODL, ANDREAS",Carolina,60,702:51,3,5,4,8,66,103,129,4.55,0.26,0.43,0.34,0.68,5.63,8.79,11.01,27.3,45.5,72.7
610,"HAMILL, ZACH",Boston,16,175:49,0,2,2,2,13,19,27,0.00,0.00,0.68,0.68,0.68,4.44,6.48,9.21,0.0,28.6,28.6
611,"HEJDA, JAN",Colorado,81,1675:18,5,14,6,19,78,133,207,6.41,0.18,0.50,0.21,0.68,2.79,4.76,7.41,12.5,35.0,47.5
612,"POWE, DARROLL",Minnesota,82,1146:40,6,7,5,13,109,156,189,5.50,0.31,0.37,0.26,0.68,5.70,8.16,9.89,27.3,31.8,59.1
613,"FILATOV, NIKITA",Ottawa,9,88:22,0,1,0,1,6,11,15,0.00,0.00,0.68,0.00,0.68,4.07,7.47,10.18,0.0,25.0,25.0
614,"KUBINA, PAVEL",Philadelphia,69,1329:43,3,12,6,15,75,106,158,4.00,0.14,0.54,0.27,0.68,3.38,4.78,7.13,5.0,20.0,25.0
615,"BROOKBANK, SHELDON",Anaheim,80,1248:26,3,11,4,14,49,89,132,6.12,0.14,0.53,0.19,0.67,2.35,4.28,6.34,7.0,25.6,32.6
616,"LARSEN, PHILIP",Dallas,55,987:33,3,8,3,11,69,101,165,4.35,0.18,0.49,0.18,0.67,4.19,6.14,10.02,6.5,17.4,23.9
617,"ARMSTRONG, COLBY",Toronto,29,270:18,1,2,0,3,14,19,26,7.14,0.22,0.44,0.00,0.67,3.11,4.22,5.77,25.0,50.0,75.0
618,"LOVEJOY, BEN",Pittsburgh,34,450:30,1,4,2,5,48,66,100,2.08,0.13,0.53,0.27,0.67,6.39,8.79,13.32,6.2,25.0,31.2
619,"BREWER, ERIC",Tampa Bay,82,1907:59,1,20,8,21,83,134,222,1.20,0.03,0.63,0.25,0.66,2.61,4.21,6.98,1.2,23.8,25.0
620,"GREENE, MATT",Los Angeles,82,1367:09,4,11,4,15,76,123,176,5.26,0.18,0.48,0.18,0.66,3.34,5.40,7.72,9.5,26.2,35.7
621,"COWEN, JARED",Ottawa,82,1549:27,5,12,3,17,58,79,139,8.62,0.19,0.46,0.12,0.66,2.25,3.06,5.38,9.1,21.8,30.9
622,"BLUNDEN, MIKE",Montreal,39,365:09,2,2,2,4,34,48,55,5.88,0.33,0.33,0.33,0.66,5.59,7.89,9.04,22.2,22.2,44.4
623,"ORPIK, BROOKS",Pittsburgh,73,1646:20,2,16,7,18,44,75,120,4.55,0.07,0.58,0.26,0.66,1.60,2.73,4.37,2.5,19.8,22.2
624,"BOUMA, LANCE",Calgary,27,274:24,1,2,2,3,26,41,48,3.85,0.22,0.44,0.44,0.66,5.69,8.96,10.50,33.3,66.7,100.0
625,"LEPISTO, SAMI",Chicago,26,274:42,1,2,0,3,19,25,39,5.26,0.22,0.44,0.00,0.66,4.15,5.46,8.52,7.7,15.4,23.1
626,"ODUYA, JOHNNY",Chicago,81,1657:20,3,15,8,18,82,134,213,3.66,0.11,0.54,0.29,0.65,2.97,4.85,7.71,6.2,31.2,37.5
627,"MACDONALD, ANDREW",NY Islanders,75,1753:04,5,14,2,19,71,112,202,7.04,0.17,0.48,0.07,0.65,2.43,3.83,6.91,7.9,22.2,30.2
628,"HJALMARSSON, NIKLAS",Chicago,69,1392:24,1,14,8,15,65,96,158,1.54,0.04,0.60,0.34,0.65,2.80,4.14,6.81,1.9,26.9,28.8
629,"NICHOL, SCOTT",St. Louis,80,744:27,3,5,5,8,67,85,99,4.48,0.24,0.40,0.40,0.64,5.40,6.85,7.98,30.0,50.0,80.0
630,"CARTER, RYAN",New Jersey,72,745:27,4,4,3,8,50,70,88,8.00,0.32,0.32,0.24,0.64,4.02,5.63,7.08,30.8,30.8,61.5
631,"GLEASON, TIM",Carolina,82,1698:13,1,17,11,18,65,97,146,1.54,0.04,0.60,0.39,0.64,2.30,3.43,5.16,1.4,24.6,26.1
632,"GILLIES, COLTON",Columbus,75,756:34,2,6,3,8,48,71,95,4.17,0.16,0.48,0.24,0.63,3.81,5.63,7.53,13.3,40.0,53.3
633,"RICHARDSON, BRAD",Los Angeles,59,758:47,5,3,2,8,98,138,187,5.10,0.40,0.24,0.16,0.63,7.75,10.91,14.79,29.4,17.6,47.1
634,"BEAUCHEMIN, FRANCOIS",Anaheim,82,2095:23,8,14,7,22,139,198,285,5.76,0.23,0.40,0.20,0.63,3.98,5.67,8.16,10.7,18.7,29.3
635,"GREEN, MIKE",Washington,32,673:23,3,4,1,7,64,98,149,4.69,0.27,0.36,0.09,0.62,5.70,8.73,13.28,7.9,10.5,18.4
636,"SESTITO, TOM",Philadelphia,14,96:31,0,1,1,1,4,5,6,0.00,0.00,0.62,0.62,0.62,2.49,3.11,3.73,0.0,100.0,100.0
637,"HALL, ADAM",Tampa Bay,57,676:21,2,5,4,7,63,81,89,3.17,0.18,0.44,0.35,0.62,5.59,7.19,7.90,12.5,31.2,43.8
638,"WHITE, RYAN",Montreal,20,290:20,0,3,3,3,12,18,24,0.00,0.00,0.62,0.62,0.62,2.48,3.72,4.96,0.0,75.0,75.0
639,"KLESLA, ROSTISLAV",Arizona,65,1258:11,3,10,5,13,87,122,174,3.45,0.14,0.48,0.24,0.62,4.15,5.82,8.30,5.7,18.9,24.5
640,"BEAGLE, JAY",Washington,41,486:05,4,1,0,5,49,65,78,8.16,0.49,0.12,0.00,0.62,6.05,8.02,9.63,40.0,10.0,50.0
#,Player Name,Team,GP,TOI,G,A,FirstA,Points,Shots,iFenwick,iCorsi,Sh%,G/60,A/60,FirstA/60,Points/60,Shots/60,iFenwick/60,iCorsi/60,IGP,IAP,IPP
641,"JACKMAN, TIM",Calgary,75,683:55,1,6,3,7,103,147,195,0.97,0.09,0.53,0.26,0.61,9.04,12.90,17.11,11.1,66.7,77.8
642,"MCCORMICK, CODY",Buffalo,50,391:32,1,3,2,4,43,65,88,2.33,0.15,0.46,0.31,0.61,6.59,9.96,13.49,20.0,60.0,80.0
643,"BUTLER, CHRIS",Calgary,68,1469:20,2,13,2,15,62,98,149,3.23,0.08,0.53,0.08,0.61,2.53,4.00,6.08,3.6,23.6,27.3
644,"REAVES, RYAN",St. Louis,60,391:51,3,1,1,4,32,44,55,9.38,0.46,0.15,0.15,0.61,4.90,6.74,8.42,42.9,14.3,57.1
645,"STUART, MARK",Winnipeg,80,1376:09,3,11,4,14,60,100,169,5.00,0.13,0.48,0.17,0.61,2.62,4.36,7.37,6.7,24.4,31.1
646,"O_DONNELL, SEAN",Chicago,51,689:06,0,7,3,7,30,50,75,0.00,0.00,0.61,0.26,0.61,2.61,4.35,6.53,0.0,30.4,30.4
647,"LANDER, ANTON",Edmonton,56,594:24,2,4,0,6,54,68,84,3.70,0.20,0.40,0.00,0.61,5.45,6.86,8.48,14.3,28.6,42.9
648,"BRAUN, JUSTIN",San Jose,66,1091:42,2,9,5,11,113,169,246,1.77,0.11,0.49,0.27,0.60,6.21,9.29,13.52,4.7,20.9,25.6
649,"HUNWICK, MATT",Colorado,33,595:56,3,3,2,6,40,50,76,7.50,0.30,0.30,0.20,0.60,4.03,5.03,7.65,17.6,17.6,35.3
650,"CLARK, BRETT",Tampa Bay,82,1506:48,2,13,7,15,61,98,168,3.28,0.08,0.52,0.28,0.60,2.43,3.90,6.69,3.8,24.5,28.3
651,"HAMRLIK, ROMAN",Washington,68,1306:50,2,11,4,13,58,79,131,3.45,0.09,0.51,0.18,0.60,2.66,3.63,6.01,3.5,19.3,22.8
652,"ALZNER, KARL",Washington,82,1711:41,1,16,6,17,56,89,146,1.79,0.04,0.56,0.21,0.60,1.96,3.12,5.12,1.6,25.4,27.0
653,"GUSTAFSSON, ERIK",Philadelphia,30,503:59,1,4,3,5,18,33,58,5.56,0.12,0.48,0.36,0.60,2.14,3.93,6.91,3.4,13.8,17.2
654,"FALK, JUSTIN",Minnesota,47,916:09,1,8,3,9,46,70,105,2.17,0.07,0.52,0.20,0.59,3.01,4.58,6.88,3.6,28.6,32.1
655,"MORRIS, DEREK",Arizona,59,1120:02,2,9,3,11,72,104,159,2.78,0.11,0.48,0.16,0.59,3.86,5.57,8.52,5.9,26.5,32.4
656,"DWYER, PATRICK",Carolina,73,1121:59,4,7,5,11,119,168,212,3.36,0.21,0.37,0.27,0.59,6.36,8.98,11.34,13.8,24.1,37.9
657,"ALMOND, CODY",Minnesota,10,102:08,1,0,0,1,7,9,13,14.29,0.59,0.00,0.00,0.59,4.11,5.29,7.64,100.0,0.0,100.0
658,"MICHALEK, ZBYNEK",Pittsburgh,62,1342:17,2,11,4,13,77,117,174,2.60,0.09,0.49,0.18,0.58,3.44,5.23,7.78,3.7,20.4,24.1
659,"FAYNE, MARK",New Jersey,82,1655:28,4,12,2,16,94,135,219,4.26,0.14,0.43,0.07,0.58,3.41,4.89,7.94,6.2,18.5,24.6
660,"SEKERA, ANDREJ",Buffalo,69,1351:28,3,10,4,13,88,125,185,3.41,0.13,0.44,0.18,0.58,3.91,5.55,8.21,5.4,17.9,23.2
661,"BOURDON, MARC-ANDRE",Philadelphia,45,728:36,4,3,0,7,45,68,104,8.89,0.33,0.25,0.00,0.58,3.71,5.60,8.56,12.5,9.4,21.9
662,"WEAVER, MIKE",Florida,82,1666:53,0,16,4,16,51,78,124,0.00,0.00,0.58,0.14,0.58,1.84,2.81,4.46,0.0,27.6,27.6
663,"BALLARD, KEITH",Vancouver,47,731:06,1,6,0,7,41,70,105,2.44,0.08,0.49,0.00,0.57,3.36,5.74,8.62,4.8,28.6,33.3
664,"LILJA, ANDREAS",Philadelphia,46,629:37,0,6,3,6,35,44,55,0.00,0.00,0.57,0.29,0.57,3.34,4.19,5.24,0.0,26.1,26.1
665,"HENDRICKS, MATT",Washington,78,945:33,4,5,3,9,97,132,170,4.12,0.25,0.32,0.19,0.57,6.16,8.38,10.79,20.0,25.0,45.0
666,"BOUILLON, FRANCIS",Nashville,66,1158:02,4,7,2,11,38,60,111,10.53,0.21,0.36,0.10,0.57,1.97,3.11,5.75,8.0,14.0,22.0
667,"BOYCHUK, JOHNNY",Boston,77,1587:17,5,10,7,15,171,243,354,2.92,0.19,0.38,0.26,0.57,6.46,9.19,13.38,6.5,13.0,19.5
668,"ERICSSON, JONATHAN",Detroit,69,1179:08,1,10,5,11,63,88,135,1.59,0.05,0.51,0.25,0.56,3.21,4.48,6.87,2.3,22.7,25.0
669,"TANGRADI, ERIC",Pittsburgh,24,214:33,0,2,1,2,20,31,41,0.00,0.00,0.56,0.28,0.56,5.59,8.67,11.47,0.0,25.0,25.0
670,"LYDMAN, TONI",Anaheim,74,1398:41,0,13,3,13,46,74,126,0.00,0.00,0.56,0.13,0.56,1.97,3.17,5.41,0.0,27.1,27.1
671,"MCQUAID, ADAM",Boston,72,1076:34,2,8,2,10,63,89,157,3.17,0.11,0.45,0.11,0.56,3.51,4.96,8.75,4.3,17.4,21.7
672,"VEILLEUX, STEPHANE",Minnesota,22,215:55,0,2,0,2,16,23,32,0.00,0.00,0.56,0.00,0.56,4.45,6.39,8.89,0.0,50.0,50.0
673,"GILL, HAL",Nashville,76,1302:21,1,11,3,12,49,66,106,2.04,0.05,0.51,0.14,0.55,2.26,3.04,4.88,2.2,23.9,26.1
674,"SMID, LADISLAV",Edmonton,78,1630:28,5,10,1,15,47,64,92,10.64,0.18,0.37,0.04,0.55,1.73,2.36,3.39,8.6,17.2,25.9
675,"GIROUX, ALEXANDRE",Columbus,9,109:46,1,0,0,1,18,21,27,5.56,0.55,0.00,0.00,0.55,9.84,11.48,14.76,20.0,0.0,20.0
676,"EAVES, PATRICK",Detroit,10,110:28,0,1,1,1,24,27,34,0.00,0.00,0.54,0.54,0.54,13.04,14.67,18.47,0.0,33.3,33.3
677,"CROMBEEN, BJ",St. Louis,40,331:59,1,2,2,3,50,64,83,2.00,0.18,0.36,0.36,0.54,9.04,11.57,15.00,25.0,50.0,75.0
678,"JURCINA, MILAN",NY Islanders,65,1220:31,3,8,4,11,127,189,265,2.36,0.15,0.39,0.20,0.54,6.24,9.29,13.03,8.6,22.9,31.4
679,"EMINGER, STEVE",NY Rangers,42,557:49,2,3,2,5,19,29,45,10.53,0.22,0.32,0.22,0.54,2.04,3.12,4.84,9.5,14.3,23.8
680,"ALLEN, BRYAN",Carolina,82,1571:09,1,13,6,14,87,135,210,1.15,0.04,0.50,0.23,0.53,3.32,5.16,8.02,1.8,22.8,24.6
#,Player Name,Team,GP,TOI,G,A,FirstA,Points,Shots,iFenwick,iCorsi,Sh%,G/60,A/60,FirstA/60,Points/60,Shots/60,iFenwick/60,iCorsi/60,IGP,IAP,IPP
681,"FEHR, ERIC",Winnipeg,35,339:29,2,1,0,3,54,71,90,3.70,0.35,0.18,0.00,0.53,9.54,12.55,15.91,50.0,25.0,75.0
682,"SCANDELLA, MARCO",Minnesota,63,1370:02,3,9,2,12,77,113,176,3.90,0.13,0.39,0.09,0.53,3.37,4.95,7.71,7.9,23.7,31.6
683,"CARKNER, MATT",Ottawa,29,345:21,1,2,0,3,17,27,52,5.88,0.17,0.35,0.00,0.52,2.95,4.69,9.03,8.3,16.7,25.0
684,"GORGES, JOSH",Montreal,82,1854:25,2,14,7,16,59,89,145,3.39,0.06,0.45,0.23,0.52,1.91,2.88,4.69,2.9,20.0,22.9
685,"BROWN, MIKE",Toronto,50,463:50,2,2,2,4,56,85,103,3.57,0.26,0.26,0.26,0.52,7.24,11.00,13.32,25.0,25.0,50.0
686,"STRAIT, BRIAN",Pittsburgh,9,115:59,0,1,0,1,4,12,12,0.00,0.00,0.52,0.00,0.52,2.07,6.21,6.21,0.0,33.3,33.3
687,"ZIBANEJAD, MIKA",Ottawa,9,116:06,0,1,0,1,12,19,25,0.00,0.00,0.52,0.00,0.52,6.20,9.82,12.92,0.0,50.0,50.0
688,"JOSLIN, DEREK",Carolina,44,465:41,2,2,2,4,36,54,78,5.56,0.26,0.26,0.26,0.52,4.64,6.96,10.05,16.7,16.7,33.3
689,"ERIXON, TIM",NY Rangers,18,233:55,0,2,1,2,9,14,18,0.00,0.00,0.51,0.26,0.51,2.31,3.59,4.62,0.0,25.0,25.0
690,"VOLCHENKOV, ANTON",New Jersey,72,1294:29,2,9,4,11,63,92,147,3.17,0.09,0.42,0.19,0.51,2.92,4.26,6.81,4.7,20.9,25.6
691,"REASONER, MARTY",NY Islanders,61,708:13,1,5,1,6,69,85,110,1.45,0.08,0.42,0.08,0.51,5.85,7.20,9.32,14.3,71.4,85.7
692,"HAINSEY, RON",Winnipeg,56,1181:29,0,10,8,10,57,88,135,0.00,0.00,0.51,0.41,0.51,2.89,4.47,6.86,0.0,22.7,22.7
693,"STURM, MARCO",Florida,48,591:06,3,2,2,5,65,76,100,4.62,0.30,0.20,0.20,0.51,6.60,7.71,10.15,23.1,15.4,38.5
694,"SAUER, MICHAEL",NY Rangers,19,355:55,1,2,1,3,14,21,30,7.14,0.17,0.34,0.17,0.51,2.36,3.54,5.06,6.2,12.5,18.8
695,"PETERS, WARREN",Minnesota,58,613:51,1,4,2,5,54,82,108,1.85,0.10,0.39,0.20,0.49,5.28,8.02,10.56,16.7,66.7,83.3
696,"ELLERBY, KEATON",Florida,40,615:31,0,5,1,5,45,67,104,0.00,0.00,0.49,0.10,0.49,4.39,6.53,10.14,0.0,26.3,26.3
697,"LEBDA, BRETT",Columbus,30,494:18,1,3,1,4,36,51,70,2.78,0.12,0.36,0.12,0.49,4.37,6.19,8.50,4.5,13.6,18.2
698,"MADDEN, JOHN",Florida,31,371:28,3,0,0,3,33,44,50,9.09,0.48,0.00,0.00,0.48,5.33,7.11,8.08,75.0,0.0,75.0
699,"ZANON, GREG",Boston,56,996:39,3,5,0,8,41,64,96,7.32,0.18,0.30,0.00,0.48,2.47,3.85,5.78,8.6,14.3,22.9
700,"GROSSMANN, NICKLAS",Philadelphia,74,1392:21,0,11,3,11,56,95,135,0.00,0.00,0.47,0.13,0.47,2.41,4.09,5.82,0.0,21.2,21.2
701,"BASS, CODY",Columbus,14,127:13,0,1,1,1,13,13,15,0.00,0.00,0.47,0.47,0.47,6.13,6.13,7.07,0.0,33.3,33.3
702,"GUDBRANSON, ERIK",Florida,72,1022:15,2,6,4,8,76,115,166,2.63,0.12,0.35,0.23,0.47,4.46,6.75,9.74,7.4,22.2,29.6
703,"KOLANOS, KRYS",Calgary,13,128:06,0,1,0,1,29,37,45,0.00,0.00,0.47,0.00,0.47,13.58,17.33,21.08,0.0,33.3,33.3
704,"JACKMAN, BARRET",St. Louis,81,1674:58,1,12,5,13,82,120,180,1.22,0.04,0.43,0.18,0.47,2.94,4.30,6.45,2.0,23.5,25.5
705,"HILLEN, JACK",Nashville,55,773:29,2,4,2,6,51,74,114,3.92,0.16,0.31,0.16,0.47,3.96,5.74,8.84,6.7,13.3,20.0
706,"JANIK, DOUG",Detroit,9,130:31,0,1,1,1,6,15,25,0.00,0.00,0.46,0.46,0.46,2.76,6.90,11.49,0.0,14.3,14.3
707,"METHOT, MARC",Columbus,46,922:24,1,6,3,7,42,59,89,2.38,0.07,0.39,0.20,0.46,2.73,3.84,5.79,4.8,28.6,33.3
708,"POLAK, ROMAN",St. Louis,77,1452:39,0,11,3,11,88,134,190,0.00,0.00,0.45,0.12,0.45,3.63,5.53,7.85,0.0,22.9,22.9
709,"HANNAN, SCOTT",Calgary,78,1587:44,2,10,2,12,49,75,103,4.08,0.08,0.38,0.08,0.45,1.85,2.83,3.89,3.5,17.5,21.1
710,"PELLEY, RODNEY",Anaheim,52,403:25,2,1,1,3,44,57,70,4.55,0.30,0.15,0.15,0.45,6.54,8.48,10.41,28.6,14.3,42.9
711,"SMITHSON, JERRED",Florida,69,808:23,1,5,2,6,37,56,69,2.70,0.07,0.37,0.15,0.45,2.75,4.16,5.12,4.8,23.8,28.6
712,"MARTINEK, RADEK",Columbus,7,136:04,1,0,0,1,10,13,18,10.00,0.44,0.00,0.00,0.44,4.41,5.73,7.94,20.0,0.0,20.0
713,"SCHULTZ, JEFF",Washington,54,824:02,1,5,3,6,22,34,59,4.55,0.07,0.36,0.22,0.44,1.60,2.48,4.30,4.0,20.0,24.0
714,"TALLINDER, HENRIK",New Jersey,39,830:27,0,6,5,6,43,66,95,0.00,0.00,0.43,0.36,0.43,3.11,4.77,6.86,0.0,25.0,25.0
715,"STAIOS, STEVE",NY Islanders,65,1110:03,0,8,5,8,67,88,135,0.00,0.00,0.43,0.27,0.43,3.62,4.76,7.30,0.0,27.6,27.6
716,"SARICH, CORY",Calgary,62,998:44,1,6,2,7,36,60,107,2.78,0.06,0.36,0.12,0.42,2.16,3.60,6.43,3.6,21.4,25.0
717,"BOLL, JARED",Columbus,54,438:18,2,1,1,3,35,54,65,5.71,0.27,0.14,0.14,0.41,4.79,7.39,8.90,28.6,14.3,42.9
718,"KOMISAREK, MIKE",Toronto,45,749:32,1,4,2,5,34,51,85,2.94,0.08,0.32,0.16,0.40,2.72,4.08,6.80,4.2,16.7,20.8
719,"KENNEDY, TIM",Florida,27,300:36,1,1,1,2,22,25,27,4.55,0.20,0.20,0.20,0.40,4.39,4.99,5.39,50.0,50.0,100.0
720,"MOORE, JOHN",Columbus,67,1060:03,2,5,2,7,64,92,138,3.12,0.11,0.28,0.11,0.40,3.62,5.21,7.81,9.1,22.7,31.8
#,Player Name,Team,GP,TOI,G,A,FirstA,Points,Shots,iFenwick,iCorsi,Sh%,G/60,A/60,FirstA/60,Points/60,Shots/60,iFenwick/60,iCorsi/60,IGP,IAP,IPP
721,"BRENNAN, TJ",Buffalo,11,155:20,1,0,0,1,14,25,36,7.14,0.39,0.00,0.00,0.39,5.41,9.66,13.91,20.0,0.0,20.0
722,"LEWIS, TREVOR",Los Angeles,72,953:03,2,4,1,6,102,154,183,1.96,0.13,0.25,0.06,0.38,6.42,9.70,11.52,13.3,26.7,40.0
723,"AULIE, KEITH",Tampa Bay,36,483:37,0,3,0,3,18,28,39,0.00,0.00,0.37,0.00,0.37,2.23,3.47,4.84,0.0,18.8,18.8
724,"AUCOIN, ADRIAN",Arizona,64,1295:54,2,6,0,8,92,141,201,2.17,0.09,0.28,0.00,0.37,4.26,6.53,9.31,4.2,12.5,16.7
725,"EMELIN, ALEXEI",Montreal,67,1158:46,3,4,3,7,62,87,146,4.84,0.16,0.21,0.16,0.36,3.21,4.50,7.56,7.7,10.3,17.9
726,"ERSKINE, JOHN",Washington,28,338:45,0,2,1,2,20,28,41,0.00,0.00,0.35,0.18,0.35,3.54,4.96,7.26,0.0,16.7,16.7
727,"SHELLEY, JODY",Philadelphia,30,169:38,0,1,0,1,19,26,30,0.00,0.00,0.35,0.00,0.35,6.72,9.20,10.61,0.0,50.0,50.0
728,"ORTMEYER, JED",Minnesota,35,340:09,1,1,0,2,41,63,79,2.44,0.18,0.18,0.00,0.35,7.23,11.11,13.94,25.0,25.0,50.0
729,"LUNDIN, MIKE",Minnesota,17,343:31,0,2,0,2,9,19,26,0.00,0.00,0.35,0.00,0.35,1.57,3.32,4.54,0.0,20.0,20.0
730,"STONER, CLAYTON",Minnesota,51,897:17,1,4,1,5,47,72,103,2.13,0.07,0.27,0.07,0.33,3.14,4.81,6.89,3.3,13.3,16.7
731,"STAAL, MARC",NY Rangers,46,914:10,2,3,1,5,61,80,110,3.28,0.13,0.20,0.07,0.33,4.00,5.25,7.22,6.5,9.7,16.1
732,"SALVADOR, BRYCE",New Jersey,82,1657:20,0,9,5,9,52,67,115,0.00,0.00,0.33,0.18,0.33,1.88,2.43,4.16,0.0,15.3,15.3
733,"SCUDERI, ROB",Los Angeles,82,1690:03,1,8,2,9,63,92,151,1.59,0.04,0.28,0.07,0.32,2.24,3.27,5.36,2.2,17.8,20.0
734,"BISSONNETTE, PAUL",Arizona,31,188:19,1,0,0,1,15,19,23,6.67,0.32,0.00,0.00,0.32,4.78,6.05,7.33,100.0,0.0,100.0
735,"COMMODORE, MIKE",Tampa Bay,30,378:05,0,2,1,2,23,32,54,0.00,0.00,0.32,0.16,0.32,3.65,5.08,8.57,0.0,13.3,13.3
736,"WEBER, MIKE",Buffalo,51,947:21,1,4,1,5,51,68,122,1.96,0.06,0.25,0.06,0.32,3.23,4.31,7.73,4.8,19.0,23.8
737,"MILLS, BRAD",New Jersey,27,193:47,0,1,0,1,18,26,32,0.00,0.00,0.31,0.00,0.31,5.57,8.05,9.91,0.0,50.0,50.0
738,"MIKKELSON, BRENDAN",Tampa Bay,41,590:25,1,2,2,3,45,63,95,2.22,0.10,0.20,0.20,0.30,4.57,6.40,9.65,4.3,8.7,13.0
739,"PARDY, ADAM",Dallas,36,592:54,0,3,0,3,29,37,56,0.00,0.00,0.30,0.00,0.30,2.93,3.74,5.67,0.0,14.3,14.3
740,"O_BYRNE, RYAN",Colorado,74,1395:14,1,6,3,7,42,70,110,2.38,0.04,0.26,0.13,0.30,1.81,3.01,4.73,2.8,16.7,19.4
741,"WHITE, COLIN",San Jose,54,806:47,1,3,1,4,33,45,71,3.03,0.07,0.22,0.07,0.30,2.45,3.35,5.28,4.8,14.3,19.0
742,"VOLPATTI, AARON",Vancouver,23,206:17,1,0,0,1,17,23,35,5.88,0.29,0.00,0.00,0.29,4.94,6.69,10.18,20.0,0.0,20.0
743,"TANEV, CHRISTOPHER",Vancouver,25,418:06,0,2,1,2,15,21,40,0.00,0.00,0.29,0.14,0.29,2.15,3.01,5.74,0.0,11.1,11.1
744,"ALBERTS, ANDREW",Vancouver,44,629:03,2,1,0,3,19,30,61,10.53,0.19,0.10,0.00,0.29,1.81,2.86,5.82,9.1,4.5,13.6
745,"JANSSEN, CAM",New Jersey,48,224:44,0,1,1,1,17,22,24,0.00,0.00,0.27,0.27,0.27,4.54,5.87,6.41,0.0,50.0,50.0
746,"PANDOLFO, JAY",NY Islanders,62,677:13,1,2,1,3,44,59,70,2.27,0.09,0.18,0.09,0.27,3.90,5.23,6.20,14.3,28.6,42.9
747,"BARKER, CAM",Edmonton,25,459:01,2,0,0,2,35,48,80,5.71,0.26,0.00,0.00,0.26,4.58,6.27,10.46,9.5,0.0,9.5
748,"SCHULTZ, NICK",Edmonton,82,1616:04,1,6,3,7,51,90,131,1.96,0.04,0.22,0.11,0.26,1.89,3.34,4.86,2.9,17.1,20.0
749,"SCOTT, JOHN",NY Rangers,35,234:31,0,1,0,1,9,15,20,0.00,0.00,0.26,0.00,0.26,2.30,3.84,5.12,0.0,12.5,12.5
750,"RUSSELL, RYAN",Columbus,41,478:45,2,0,0,2,39,51,64,5.13,0.25,0.00,0.00,0.25,4.89,6.39,8.02,33.3,0.0,33.3
751,"MOTTAU, MIKE",Boston,35,492:51,0,2,1,2,22,32,51,0.00,0.00,0.24,0.12,0.24,2.68,3.90,6.21,0.0,14.3,14.3
752,"EATON, MARK",NY Islanders,62,995:07,1,3,2,4,44,60,83,2.27,0.06,0.18,0.12,0.24,2.65,3.62,5.00,3.8,11.5,15.4
753,"MURRAY, DOUGLAS",San Jose,60,1102:53,0,4,3,4,71,96,134,0.00,0.00,0.22,0.16,0.22,3.86,5.22,7.29,0.0,12.5,12.5
754,"REGEHR, ROBYN",Buffalo,76,1415:33,1,4,1,5,49,68,104,2.04,0.04,0.17,0.04,0.21,2.08,2.88,4.41,3.3,13.3,16.7
755,"JONES, RANDY",Winnipeg,39,577:46,1,1,0,2,24,43,74,4.17,0.10,0.10,0.00,0.21,2.49,4.47,7.68,4.0,4.0,8.0
756,"TEUBERT, COLTEN",Edmonton,24,303:24,0,1,1,1,13,18,33,0.00,0.00,0.20,0.20,0.20,2.57,3.56,6.53,0.0,12.5,12.5
757,"PECKHAM, THEO",Edmonton,54,911:18,1,2,1,3,25,39,63,4.00,0.07,0.13,0.07,0.20,1.65,2.57,4.15,3.0,6.1,9.1
758,"OLSEN, DYLAN",Chicago,28,364:46,0,1,0,1,16,23,36,0.00,0.00,0.16,0.00,0.16,2.63,3.78,5.92,0.0,10.0,10.0
759,"STAUBITZ, BRAD",Montreal,62,404:20,1,0,0,1,27,41,55,3.70,0.15,0.00,0.00,0.15,4.01,6.08,8.16,20.0,0.0,20.0
760,"FISTRIC, MARK",Dallas,60,990:17,0,2,0,2,30,60,89,0.00,0.00,0.12,0.00,0.12,1.82,3.64,5.39,0.0,8.7,8.7
#,Player Name,Team,GP,TOI,G,A,FirstA,Points,Shots,iFenwick,iCorsi,Sh%,G/60,A/60,FirstA/60,Points/60,Shots/60,iFenwick/60,iCorsi/60,IGP,IAP,IPP
761,"NIEDERREITER, NINO",NY Islanders,55,556:21,1,0,0,1,74,99,120,1.35,0.11,0.00,0.00,0.11,7.98,10.68,12.94,33.3,0.0,33.3
762,"OLESZ, ROSTISLAV",Chicago,6,54:38,0,0,0,0,6,6,8,0.00,0.00,0.00,0.00,0.00,6.59,6.59,8.79,0.0,0.0,0.0
763,"BOULTON, ERIC",New Jersey,51,335:50,0,0,0,0,25,31,38,0.00,0.00,0.00,0.00,0.00,4.47,5.54,6.79,0.0,0.0,0.0
764,"BYERS, DANE",Columbus,8,64:42,0,0,0,0,8,8,8,0.00,0.00,0.00,0.00,0.00,7.42,7.42,7.42,0.0,0.0,0.0
765,"RITOLA, MATTIAS",Tampa Bay,5,54:10,0,0,0,0,14,16,19,0.00,0.00,0.00,0.00,0.00,15.51,17.72,21.05,0.0,0.0,0.0
766,"WILSON, CLAY",Calgary,5,66:15,0,0,0,0,7,8,15,0.00,0.00,0.00,0.00,0.00,6.34,7.25,13.58,0.0,0.0,0.0
767,"FESTERLING, BRETT",Winnipeg,5,65:35,0,0,0,0,2,3,4,0.00,0.00,0.00,0.00,0.00,1.83,2.74,3.66,0.0,0.0,0.0
768,"SESTITO, TIM",New Jersey,18,148:32,0,0,0,0,6,10,15,0.00,0.00,0.00,0.00,0.00,2.42,4.04,6.06,0.0,0.0,0.0
769,"MCARDLE, KENNDAL",Winnipeg,9,54:59,0,0,0,0,3,3,7,0.00,0.00,0.00,0.00,0.00,3.27,3.27,7.64,0.0,0.0,0.0
770,"DUPUIS, PHILIPPE",Toronto,30,314:52,0,0,0,0,30,39,49,0.00,0.00,0.00,0.00,0.00,5.72,7.43,9.34,0.0,0.0,0.0
771,"SEGAL, BRANDON",Tampa Bay,10,65:50,0,0,0,0,8,10,11,0.00,0.00,0.00,0.00,0.00,7.29,9.11,10.03,0.0,0.0,0.0
772,"CHORNEY, TAYLOR",Edmonton,5,70:43,0,0,0,0,2,4,6,0.00,0.00,0.00,0.00,0.00,1.70,3.39,5.09,0.0,0.0,0.0
773,"ROSEHILL, JAY",Toronto,31,183:10,0,0,0,0,15,15,21,0.00,0.00,0.00,0.00,0.00,4.91,4.91,6.88,0.0,0.0,0.0
774,"LAAKSO, TEEMU",Nashville,9,104:18,0,0,0,0,4,5,11,0.00,0.00,0.00,0.00,0.00,2.30,2.88,6.33,0.0,0.0,0.0
775,"DESBIENS, GUILLAUME",Calgary,10,71:05,0,0,0,0,2,5,8,0.00,0.00,0.00,0.00,0.00,1.69,4.22,6.75,0.0,0.0,0.0
776,"ZALEWSKI, STEVEN",New Jersey,7,73:55,0,0,0,0,6,6,6,0.00,0.00,0.00,0.00,0.00,4.87,4.87,4.87,0.0,0.0,0.0
777,"GAGNON, AARON",Winnipeg,7,66:08,0,0,0,0,6,9,12,0.00,0.00,0.00,0.00,0.00,5.44,8.17,10.89,0.0,0.0,0.0
778,"FRASER, MARK",New Jersey,4,57:21,0,0,0,0,0,2,5,0.00,0.00,0.00,0.00,0.00,0.00,2.09,5.23,0.0,0.0,0.0
779,"MCCARTHY, JOHN",San Jose,10,94:21,0,0,0,0,14,15,16,0.00,0.00,0.00,0.00,0.00,8.90,9.54,10.17,0.0,0.0,0.0
780,"KULDA, ARTURS",Winnipeg,9,97:50,0,0,0,0,8,11,14,0.00,0.00,0.00,0.00,0.00,4.91,6.75,8.59,0.0,0.0,0.0
781,"HALEY, MICHEAL",NY Islanders,14,111:14,0,0,0,0,13,14,21,0.00,0.00,0.00,0.00,0.00,7.01,7.55,11.33,0.0,0.0,0.0
782,"RAKHSHANI, RHETT",NY Islanders,5,60:44,0,0,0,0,3,9,11,0.00,0.00,0.00,0.00,0.00,2.96,8.89,10.87,0.0,0.0,0.0
783,"CORMIER, PATRICE",Winnipeg,9,57:17,0,0,0,0,8,9,13,0.00,0.00,0.00,0.00,0.00,8.38,9.43,13.62,0.0,0.0,0.0
784,"ENGQVIST, ANDREAS",Montreal,12,79:10,0,0,0,0,3,8,11,0.00,0.00,0.00,0.00,0.00,2.27,6.06,8.34,0.0,0.0,0.0
785,"NEMISZ, GREG",Calgary,9,69:23,0,0,0,0,2,7,7,0.00,0.00,0.00,0.00,0.00,1.73,6.05,6.05,0.0,0.0,0.0
786,"MIELE, ANDY",Arizona,7,62:34,0,0,0,0,4,5,7,0.00,0.00,0.00,0.00,0.00,3.84,4.79,6.71,0.0,0.0,0.0
787,"BORTUZZO, ROBERT",Pittsburgh,6,65:24,0,0,0,0,3,5,7,0.00,0.00,0.00,0.00,0.00,2.75,4.59,6.42,0.0,0.0,0.0
788,"MARSHALL, KEVIN",Philadelphia,10,87:36,0,0,0,0,6,7,11,0.00,0.00,0.00,0.00,0.00,4.11,4.79,7.53,0.0,0.0,0.0
789,"PISKULA, JOE",Calgary,5,54:29,0,0,0,0,2,4,6,0.00,0.00,0.00,0.00,0.00,2.20,4.41,6.61,0.0,0.0,0.0
790,"NESS, AARON",NY Islanders,9,152:24,0,0,0,0,6,13,18,0.00,0.00,0.00,0.00,0.00,2.36,5.12,7.09,0.0,0.0,0.0
791,"BARRIE, TYSON",Colorado,10,176:28,0,0,0,0,15,21,32,0.00,0.00,0.00,0.00,0.00,5.10,7.14,10.88,0.0,0.0,0.0
792,"BOLLIG, BRANDON",Chicago,18,106:01,0,0,0,0,16,19,26,0.00,0.00,0.00,0.00,0.00,9.06,10.75,14.71,0.0,0.0,0.0
793,"ASHTON, CARTER",Toronto,15,156:15,0,0,0,0,22,25,32,0.00,0.00,0.00,0.00,0.00,8.45,9.60,12.29,0.0,0.0,0.0
794,"MANNING, BRANDON",Philadelphia,4,54:54,0,0,0,0,6,6,7,0.00,0.00,0.00,0.00,0.00,6.56,6.56,7.65,0.0,0.0,0.0
795,"PROUT, DALTON",Columbus,5,58:58,0,0,0,0,2,3,4,0.00,0.00,0.00,0.00,0.00,2.04,3.05,4.07,0.0,0.0,0.0
796,"DONOVAN, MATT",NY Islanders,3,55:43,0,0,0,0,6,9,10,0.00,0.00,0.00,0.00,0.00,6.46,9.69,10.77,0.0,0.0,0.0
